-- MySQL dump 10.13  Distrib 8.0.22, for Win64 (x86_64)
--
-- Host: localhost    Database: lolm-web
-- ------------------------------------------------------
-- Server version	8.0.22

/*!40101 SET @OLD_CHARACTER_SET_CLIENT=@@CHARACTER_SET_CLIENT */;
/*!40101 SET @OLD_CHARACTER_SET_RESULTS=@@CHARACTER_SET_RESULTS */;
/*!40101 SET @OLD_COLLATION_CONNECTION=@@COLLATION_CONNECTION */;
/*!50503 SET NAMES utf8 */;
/*!40103 SET @OLD_TIME_ZONE=@@TIME_ZONE */;
/*!40103 SET TIME_ZONE='+00:00' */;
/*!40014 SET @OLD_UNIQUE_CHECKS=@@UNIQUE_CHECKS, UNIQUE_CHECKS=0 */;
/*!40014 SET @OLD_FOREIGN_KEY_CHECKS=@@FOREIGN_KEY_CHECKS, FOREIGN_KEY_CHECKS=0 */;
/*!40101 SET @OLD_SQL_MODE=@@SQL_MODE, SQL_MODE='NO_AUTO_VALUE_ON_ZERO' */;
/*!40111 SET @OLD_SQL_NOTES=@@SQL_NOTES, SQL_NOTES=0 */;

--
-- Table structure for table `champion_equipment`
--

DROP TABLE IF EXISTS `champion_equipment`;
/*!40101 SET @saved_cs_client     = @@character_set_client */;
/*!50503 SET character_set_client = utf8mb4 */;
CREATE TABLE `champion_equipment` (
  `ce_id` int NOT NULL,
  `cid` int NOT NULL,
  `eid` int NOT NULL,
  PRIMARY KEY (`ce_id`),
  KEY `fk_chapcid_idx` (`cid`),
  KEY `fkchpeid_idx` (`eid`),
  CONSTRAINT `fk_chapcid` FOREIGN KEY (`cid`) REFERENCES `champions` (`cid`),
  CONSTRAINT `fkchpeid` FOREIGN KEY (`eid`) REFERENCES `equipments` (`eid`)
) ENGINE=InnoDB DEFAULT CHARSET=utf8mb4 COLLATE=utf8mb4_0900_ai_ci;
/*!40101 SET character_set_client = @saved_cs_client */;

--
-- Dumping data for table `champion_equipment`
--

LOCK TABLES `champion_equipment` WRITE;
/*!40000 ALTER TABLE `champion_equipment` DISABLE KEYS */;
INSERT INTO `champion_equipment` VALUES (1,1,10),(2,1,18),(3,1,19),(4,1,22),(5,1,23),(6,1,45);
/*!40000 ALTER TABLE `champion_equipment` ENABLE KEYS */;
UNLOCK TABLES;

--
-- Table structure for table `champion_rune`
--

DROP TABLE IF EXISTS `champion_rune`;
/*!40101 SET @saved_cs_client     = @@character_set_client */;
/*!50503 SET character_set_client = utf8mb4 */;
CREATE TABLE `champion_rune` (
  `cr_id` int NOT NULL,
  `cid` int NOT NULL,
  `rid` int NOT NULL,
  PRIMARY KEY (`cr_id`),
  KEY `fkchp_idx` (`cid`),
  KEY `fkchrune_idx` (`rid`),
  CONSTRAINT `fkchp` FOREIGN KEY (`cid`) REFERENCES `champions` (`cid`),
  CONSTRAINT `fkchrune` FOREIGN KEY (`rid`) REFERENCES `runes` (`rid`)
) ENGINE=InnoDB DEFAULT CHARSET=utf8mb4 COLLATE=utf8mb4_0900_ai_ci;
/*!40101 SET character_set_client = @saved_cs_client */;

--
-- Dumping data for table `champion_rune`
--

LOCK TABLES `champion_rune` WRITE;
/*!40000 ALTER TABLE `champion_rune` DISABLE KEYS */;
INSERT INTO `champion_rune` VALUES (1,1,1),(2,1,9),(3,1,20),(4,1,24);
/*!40000 ALTER TABLE `champion_rune` ENABLE KEYS */;
UNLOCK TABLES;

--
-- Table structure for table `champion_spell`
--

DROP TABLE IF EXISTS `champion_spell`;
/*!40101 SET @saved_cs_client     = @@character_set_client */;
/*!50503 SET character_set_client = utf8mb4 */;
CREATE TABLE `champion_spell` (
  `cs_id` int NOT NULL,
  `cid` int NOT NULL,
  `sp_id` int NOT NULL,
  PRIMARY KEY (`cs_id`),
  KEY `fkchpsp_idx` (`cid`),
  KEY `fkchpsp_idx1` (`sp_id`),
  CONSTRAINT `fkchapid` FOREIGN KEY (`cid`) REFERENCES `champions` (`cid`),
  CONSTRAINT `fkchpsp` FOREIGN KEY (`sp_id`) REFERENCES `spells` (`sp_id`)
) ENGINE=InnoDB DEFAULT CHARSET=utf8mb4 COLLATE=utf8mb4_0900_ai_ci;
/*!40101 SET character_set_client = @saved_cs_client */;

--
-- Dumping data for table `champion_spell`
--

LOCK TABLES `champion_spell` WRITE;
/*!40000 ALTER TABLE `champion_spell` DISABLE KEYS */;
INSERT INTO `champion_spell` VALUES (1,1,5),(2,1,6);
/*!40000 ALTER TABLE `champion_spell` ENABLE KEYS */;
UNLOCK TABLES;

--
-- Table structure for table `champion_type`
--

DROP TABLE IF EXISTS `champion_type`;
/*!40101 SET @saved_cs_client     = @@character_set_client */;
/*!50503 SET character_set_client = utf8mb4 */;
CREATE TABLE `champion_type` (
  `ct_id` int NOT NULL,
  `cid` int NOT NULL,
  `tid` int NOT NULL,
  `pr_type` int DEFAULT NULL,
  PRIMARY KEY (`ct_id`),
  KEY `fk_champ_cid_idx` (`cid`),
  KEY `fk_type_tid_idx` (`tid`),
  CONSTRAINT `fk_champ_cid` FOREIGN KEY (`cid`) REFERENCES `champions` (`cid`),
  CONSTRAINT `fk_type_tid` FOREIGN KEY (`tid`) REFERENCES `types` (`tid`)
) ENGINE=InnoDB DEFAULT CHARSET=utf8mb4 COLLATE=utf8mb4_0900_ai_ci COMMENT='英雄_種類';
/*!40101 SET character_set_client = @saved_cs_client */;

--
-- Dumping data for table `champion_type`
--

LOCK TABLES `champion_type` WRITE;
/*!40000 ALTER TABLE `champion_type` DISABLE KEYS */;
INSERT INTO `champion_type` VALUES (1,1,1,0),(2,1,3,1),(3,2,1,1),(4,3,5,0),(5,3,6,1),(6,4,6,1),(7,5,3,1),(8,5,5,0),(9,6,4,1),(10,6,5,0),(11,7,3,1),(12,8,5,0),(13,8,6,1),(14,9,5,1),(15,9,6,0),(16,10,2,1),(17,11,4,1),(18,12,2,1),(19,12,6,0),(20,13,2,1),(21,14,1,1),(22,15,2,1),(23,15,6,0),(24,16,3,0),(25,16,4,1),(26,17,1,0),(27,17,2,1),(28,18,1,1),(29,18,3,0),(30,19,2,1),(31,19,6,0),(32,20,3,0),(33,20,6,1),(34,21,2,0),(35,21,4,1),(36,22,3,0),(37,22,5,1),(38,23,2,0),(39,23,6,1),(40,24,2,1),(41,25,4,1),(42,26,3,1),(43,26,4,0),(44,27,3,0),(45,27,4,1),(46,28,4,1),(48,29,1,0),(49,29,4,1),(50,30,1,0),(51,30,2,1),(52,31,3,0),(53,31,5,1),(54,32,3,1),(55,32,5,0),(56,33,6,1),(57,34,1,1),(58,34,2,0),(59,35,3,0),(60,35,4,1),(61,36,3,0),(62,36,5,1),(63,37,2,1),(64,37,6,0),(65,38,2,1),(66,39,3,1),(67,39,5,0),(68,40,5,1),(69,40,6,0),(70,41,3,1),(71,41,5,0),(72,42,2,1),(73,42,6,0),(74,43,3,0),(75,43,6,1),(76,44,3,0),(77,44,5,1),(78,45,3,0),(79,45,5,1),(80,46,4,1),(81,47,3,0),(82,47,4,1),(83,48,2,1),(84,49,3,1),(85,49,4,0),(86,50,3,0),(87,50,4,1),(88,51,1,0),(89,51,4,1),(90,52,2,1),(91,53,3,0),(92,53,4,1),(93,54,2,1),(94,54,6,0),(95,55,1,0),(96,55,2,1),(97,56,1,1),(98,57,3,1),(99,58,1,1),(100,58,3,0);
/*!40000 ALTER TABLE `champion_type` ENABLE KEYS */;
UNLOCK TABLES;

--
-- Table structure for table `champions`
--

DROP TABLE IF EXISTS `champions`;
/*!40101 SET @saved_cs_client     = @@character_set_client */;
/*!50503 SET character_set_client = utf8mb4 */;
CREATE TABLE `champions` (
  `cid` int NOT NULL AUTO_INCREMENT,
  `cname` varchar(45) NOT NULL COMMENT '英雄_名字',
  `cname_eng` varchar(45) NOT NULL COMMENT '英雄_英文名',
  `c_desc` varchar(1024) DEFAULT NULL COMMENT '英雄_故事描述',
  `c_img` varchar(256) DEFAULT NULL,
  PRIMARY KEY (`cid`)
) ENGINE=InnoDB AUTO_INCREMENT=59 DEFAULT CHARSET=utf8 COMMENT='英雄';
/*!40101 SET character_set_client = @saved_cs_client */;

--
-- Dumping data for table `champions`
--

LOCK TABLES `champions` WRITE;
/*!40000 ALTER TABLE `champions` DISABLE KEYS */;
INSERT INTO `champions` VALUES (1,'阿璃','Ahri','阿璃是個身世不明的狐形梵斯塔雅人，天生就和精神領域的魔力有著緊密的連結，她正在尋找自己在世界上的定位。自從進入人類社會後，她成了會心軟、有同情心的掠食者，喜歡先操縱獵物的情緒，之後再吸收他們的生命力；每吸收一個靈魂，她就能從中獲得片段的記憶與感受。','https://images.contentstack.io/v3/assets/blt370612131b6e0756/blte4a96c247eff02b3/5f76a07fed21e20f14408cc8/Ahri_ChampThumb.jpg'),(2,'阿卡莉','Akali','拋棄了均衡組織與暗影之拳的頭銜，阿卡莉如今獨自出擊，準備成為人民所需的致命武器。雖然她依舊記得從慎師傅身上所學的全部，但她已誓言守護愛歐尼亞免受敵人侵擾，見一個就殺一個。阿卡莉的行動或許悄然無聲，但她傳達的訊息卻響亮清晰：孑然一身的刺客最令人畏懼。','https://images.contentstack.io/v3/assets/blt370612131b6e0756/bltc0791818cd2f4d0c/5f9b3be22176ca2b14fe9ac5/akali_champthumb.jpg'),(3,'亞歷斯塔','Alistar','身為令人生畏的強大戰士 － 亞歷斯塔，替自己滅亡的氏族尋找向諾克薩斯討回血債的機會。雖然被奴役的他被迫過著鬥士的生活，但他堅不可摧的意志使自己避免成為一個完全的野獸。現在，逃離了上一個主人的束縛枷鎖，他替那些受壓迫和下層社會的人們所戰鬥著，他滿腔的怒火和他的頭頂的角、強勁的蹄及拳頭將成為他為正義所戰的武器。','https://images.contentstack.io/v3/assets/blt370612131b6e0756/blt1eaff769344bff40/5f7f704c90ca8a0f01e5bf3c/alistar_champthumb.jpg'),(4,'阿姆姆','Amumu','傳說阿姆姆是一個來自古蘇瑞瑪，既寂寞又憂鬱的靈魂。他在這世上飄遊徘徊，只是為了尋找朋友。然而，受到古老咒語詛咒的他註定永遠孤獨。遭他碰觸的生命必定死亡，被他關心的存在必然毀滅。那些曾經見過阿姆姆的人形容他是一個身形矮小的活屍，身上被染色的繃帶所纏繞。許多傳說、歌謠都曾訴說著阿姆姆的故事，一代傳頌過一代，世人早已分不出哪些是真、哪些是假。','https://images.contentstack.io/v3/assets/blt370612131b6e0756/blt1a32c946abb79fa9/5f7f7066be9b6d0f29635455/amumu_champthumb.jpg'),(5,'安妮','Annie','安妮是一名擁有強大火燄之力的幼年法師。雖然危險，卻讓人不禁承認她的前途不可限量。她居住在諾克薩斯北方山脈的深處之中，在那裡隨處可見各種險惡生物及必須加以迴避的危險人物。然而即便如此，她擁有的力量依舊凌駕於他們之上。在安妮還是呱呱墜地的嬰孩時，她就因為突然爆發的情緒而展現出與火燄之間與生俱來的契合。不過幾年的時間，安妮已經可以完美地掌握這股力量。她最愛的玩伴是由她自己召喚出來的泰迪熊，她把牠取名叫作「泰貝爾」。泰貝爾的身體被毀滅之火包圍，為了安妮，牠可以消滅眼前所有阻撓他們的敵人。長年與外界沒有任何接觸的安妮早已迷失在永恆的純真童年之中，她總是在黑暗的森林深處徘徊，不斷地找尋下一個可以陪她玩耍的同伴。','https://images.contentstack.io/v3/assets/blt370612131b6e0756/blt2a1ad314c284a597/5f7f70816e4e710f2401283b/annie_champthumb.jpg'),(6,'艾希','Ashe','身為寒霜之裔的艾希是北境人口數量最龐大的部族 －「艾伐洛森」的戰爭之女，她同時也是率領這個部族的領袖。艾希性格堅毅、天資聰穎，而且充滿理想，但是卻不太習慣領導者這個身分。她體內寒霜之裔的血統使她可以完美運用由真霜冰晶打造而成的冰結長弓，而她領導的人民則相信她是英雄艾伐洛森的轉世。艾希畢生的心願是收復他們部族在遠古時期曾經擁有的領地，並再次統一弗雷爾卓德。','https://images.contentstack.io/v3/assets/blt370612131b6e0756/blt61bcbb832dcafe7e/5f7f709a6e4e710f24012849/ashe_champthumb.jpg'),(7,'翱銳龍獸','Aurelion Sol','翱銳龍獸曾在天界的無垠空白中親手創造出奇蹟，但巨石峰的星靈蒙騙了他，從他身上竊取他創造出太陽的祕密。他強大的力量被導入永生的神鬥士身上，以保護符文大地這個微不足道的世界。現在，翱銳龍獸渴望奪回掌控宇宙的力量，只要能重獲自由，即便是要將所有星辰都從天上拽下來，他也在所不惜。','https://images.contentstack.io/v3/assets/blt370612131b6e0756/blte1c6bf20190ea8bd/5f7f70b590a4e40f544d6fcd/aurelionsol_champthumb.jpg'),(8,'布里茨','Blitzcrank','布里茨是閃閃發亮的巨型金屬機器人，挾著蒸汽和強大的雷電能量，在佐恩的街道間逡巡，為了改善這座地下城市而不眠不休地努力，並對需要的人伸出援手。布里茨原本只是為了進入佐恩汙染最嚴重、最危險的區域，處理環境中有害廢棄物而製造出來的機器人。然而拜發明者的巧思以及海克斯科技的神祕力量之賜，它的進化程度已經突破原始程式指令的限制。','https://images.contentstack.io/v3/assets/blt370612131b6e0756/bltee932ab68b12a5c8/5f7f70d2be9b6d0f2963546f/blitzcrank_champthumb.jpg'),(9,'布郎姆','Braum','布郎姆的體格異於常人地健壯，傳聞他連心臟都比一般人還要大顆。他來自弗雷爾卓德，是一名人見人愛的英雄。每個在佛羅斯西北方的部落都會在把酒暢歡之際舉酒祝頌布郎姆的力量。傳聞他只花了一個晚上就砍伐掉一整片橡木林，甚至硬生生把一座山打碎成一地土石。布郎姆手上的拱頂門是他的盾牌，他長年在北境漂泊，臉上總是掛著與他的肌肉一樣大的笑容。對於那些需要幫助的人來說，布郎姆是他們真正的朋友。','https://images.contentstack.io/v3/assets/blt370612131b6e0756/blt63aea2bb5eed1e8b/5f7f70ee8becd30f135cba35/braum_champthumb.jpg'),(10,'卡蜜兒','Camille','行事總是遊走在法律邊緣的卡蜜兒，是名門氏族斐羅仕的首席情報員。優雅高貴的她，是確保皮爾托福在地下城市佐恩的威脅之下，依然能順利運作的關鍵人物。她的適應力極強，而且行事精準俐落。她最看不慣的就是馬虎草率的手法，認為一切都要精準到位才稱得上完美。卡蜜兒藉由海克斯人體強化科技來追求極致的力量，而她的心靈也如同身上背負的刀鋒那般銳利。不少人都認為比起人類，卡蜜兒更像是海克斯科技打造出來的機器人。','https://images.contentstack.io/v3/assets/blt370612131b6e0756/blta9142124480e018a/5f7f7109a11c740ee7364b69/camille_champthumb.jpg'),(11,'達瑞文','Draven','在諾克薩斯，以足智多謀而為人所知的戰士必須在競技場上擊敗對手以證明自己的實力。而諾克薩斯有史以來，從來沒有任何戰士能像達瑞文一樣如此受到人民擁戴。身為一名前職業軍人，他發現群眾特別欣賞他宛如戲劇般華麗的戰鬥風格，從他的迴旋飛斧噴濺一地的血液更是讓人民為之瘋狂。達瑞文沉迷於群眾對他的愛戴與迷戀，為了使他的名字留名青史，他誓言打敗所有能夠讓他達成這個目的的對手。','https://images.contentstack.io/v3/assets/blt370612131b6e0756/bltcee91c8dafb4d1b5/60108f1b94a1800f61b5095e/Draven_ChampThumb.jpg'),(12,'蒙多醫生','Dr. Mundo','蒙多醫生身上令人不寒而慄的紫色，完全喪失人性的心智，以及他永不滿足的殺人欲望是許多佐恩居民在特別漆黑的夜裡足不出戶的原因。這個可怕的怪物除了痛苦之外似乎什麼也不想要 － 不論是對他人施加痛苦還是承受他人給予的痛苦。蒙多醫生的武器是一把巨大的屠刀，他可以毫不費力地擲出它，彷彿它沒有任何重量似的。他因為綁架了無數佐恩居民以進行他邪惡的改造手術而惡名昭彰。尤其這種手術似乎還沒有一個明確的目標。蒙多醫生殘忍、為所欲為，且讓人無法預料。嚴格來說，他根本稱不上是醫生。','https://images.contentstack.io/v3/assets/blt370612131b6e0756/blta6ff0f7ae14af8ae/5f7f7125fcce2d0edc77b36b/drmundo_champthumb.jpg'),(13,'達瑞斯','Darius','沒有任何人比達瑞斯還更能代表諾克薩斯的強盛與力量。他是整個國家上下最令人感到恐懼且實力最堅強的領導者。從一個名不見經傳的無名小卒到成為諾克薩斯之力的這段過程中，達瑞斯斬殺了無數名反抗帝國的敵人－其中不乏有諾克薩斯人。所有人都知道他不曾懷疑帝國所作所為的正當性，一旦他舉起斧頭，他的下手絕對不會有絲毫猶豫。那些反抗特菲利安軍團指揮官的人都知道達瑞斯在面對敵人時是不會抱有一絲憐憫心的。','https://images.contentstack.io/v3/assets/blt370612131b6e0756/blt848cb576db580f29/601071460839e910126d75ad/Darius_ChampThumb.jpg'),(14,'伊芙琳','Evelynn','符文大地幽暗的裂縫深處潛伏著一名惡魔，她的名字叫作伊芙琳。伊芙琳喜歡以人類女性的外貌引誘獵物，獵物一旦折服於她的魅力，她便會顯示出真實的型態。伊芙琳會用難以言喻的殘酷方式折磨那些受害者，透過他們的痛苦滿足自己的私欲。對於像她這樣的惡魔來說，與人類之間的相遇是一次次單純美好的邂逅，但是居住在符文大地的人都知道，那些受害者之所以落得如此下場，是因為伊芙琳有辦法讓他們受欲望驅使，一步步地走向無盡的深淵。人們每次從他人口中聽到這些恐怖駭人的傳聞時，便會默默告誡自己滿足欲望必須付出的可怕代價。','https://images.contentstack.io/v3/assets/blt370612131b6e0756/blt1800da0e01ae1896/5f9b3bf673c2ae7b2fc0cc10/evelynn_champthumb.jpg'),(15,'悟空','Wukong','悟空是一名狡猾的梵斯塔雅人，利用自己超群的力量、敏捷的速度及機智的頭腦來迷惑敵人，取得優勢。在找到自己畢生摯友──被稱為易大師的戰士後，悟空成為了遠古武術──無極之道的最後一名弟子。手持魔法棍棒，悟空誓言守護愛歐尼亞。','https://images.contentstack.io/v3/assets/blt370612131b6e0756/bltb20bc245a595c5f2/60108f220cb0aa0ffcdd5b20/Wukong_ChampThumb.jpg'),(16,'伊澤瑞爾','Ezreal','伊澤瑞爾是一名衝勁十足的探險家，他憑藉著偶然得到的魔法祕寶造訪了無數墓穴，並輕鬆擺脫那些古老的詛咒。膽量過人的他熱愛挑戰看似不可能脫逃的險境，雖然一部份可以歸功於他的智慧，但主要還是因為他手上那個來自古蘇瑞瑪的魔法臂鎧。這個臂鎧讓伊澤瑞爾可以憑空發射出毀滅性的秘術能量。每次見到伊澤瑞爾的時候都可以確定一件事：那就是麻煩即將找上門。','https://images.contentstack.io/v3/assets/blt370612131b6e0756/blt6166170bb49b14b9/5f7f71428becd30f135cba51/ezreal_champthumb.jpg'),(17,'菲歐拉','Fiora','菲歐拉是瓦羅然大陸最受人畏懼的決鬥者，她直接的個性和對政治的敏銳度，就和她敏捷的劍術身手一樣聞名遐邇。她來自蒂瑪西亞的羅倫特世家，在家族幾乎因為醜聞而分崩離析時，挑戰自己的父親，贏得了家族的掌權地位。現在，她致力於恢復羅倫特家族在王國內的地位，希望能重獲應得的良善名聲。','https://images.contentstack.io/v3/assets/blt370612131b6e0756/blt78d27d55abeb81da/5f7f715b791dbc0f80a3ccf3/fiora_champthumb.jpg'),(18,'飛斯','Fizz','飛斯是一名兩棲的約德爾人，他生活在比爾吉沃特的珊瑚礁中。他經常將那些迷信的船長投入海中，做為祭品的貨物還給他們。但就連那些最粗俗的水手也知道不要去招惹飛斯──有許多傳說都在描述著那些小看這個滑溜生物的人最後的下場。飛斯時常被誤認為是任性海洋之靈的化身，他似乎可以指揮那些巨大的食肉動物，而且特別喜歡擾亂自己的敵人，連盟友也是。','https://images.contentstack.io/v3/assets/blt370612131b6e0756/blt3c7818e9c3f68240/5f7f71760108fe0f08577ea1/fizz_champthumb.jpg'),(19,'蓋倫','Garen','蓋倫是一個驕傲且高尚的士兵，他同時也是蒂瑪西亞菁英部隊無畏先鋒的首領。他在同袍中的聲譽極佳，就算是敵人也對他有敬佩之情──而這份敬佩可不僅僅只來自於他是著名的，世世代代保護著蒂瑪西亞及理念的皇冠守衛家族長子。蓋倫身著反魔法裝甲，手持巨劍，隨時做好準備在戰場上與巫師還有術士對抗，他就如同鋼鐵般的旋風般守護蒂瑪西亞。','https://images.contentstack.io/v3/assets/blt370612131b6e0756/blta7839ff0767436e2/5f7f7191a1441e0f5fc46b67/garen_champthumb.jpg'),(20,'古拉格斯','Gragas','古拉格斯是一名身形龐大，行為舉止十分豪邁粗魯的釀酒大師。他唯一的夢想就是釀造出一款完美的麥芽酒。沒有人知道古拉格斯來自哪裡，目前他人在弗雷爾卓德，積極地從沒有受到汙染的純淨之地找尋珍貴的原料，並嘗試他研發的每一道食譜。古拉格斯的個性十分衝動而且經常喝醉，他最為人所知的事蹟就是每次喝醉都會主動找其他人吵架，然後最終以徹夜狂歡和毫無節制的揮霍收場。基本上古拉格斯出現在酒吧時的行為模式一定是先喝醉，然後開始大肆破壞。','https://images.contentstack.io/v3/assets/blt370612131b6e0756/blte31984431916bd52/5f7f71ade7028c0f3ac4686d/gragas_champthumb.jpg'),(21,'葛雷夫','Graves','麥肯．葛雷夫是一位著名的僱傭兵、賭徒和竊賊，每個他拜訪過的城市和帝國都通緝了他。儘管他脾氣暴躁，他有著屬於罪犯的榮譽感，通常以他的雙筒獵槍「命運」來處決過界的人。近年來，他與原先鬧翻的逆命達成和解，重拾夥伴關係，並再一次於比爾吉沃特的犯罪溫床中混得如魚得水。','https://images.contentstack.io/v3/assets/blt370612131b6e0756/blt339c3fb42621e434/5f7f71c9a1441e0f5fc46b6d/graves_champthumb.jpg'),(22,'珍娜','Janna','神秘的珍娜是古老風之神靈的化身，長久以來守護著佐恩孤苦的人民。雖然多數時候，她是以輕柔微風或狂猛暴風體現自己的存在，但她偶爾也會化身為優雅的少女形象，撫慰受欺凌者的心亙古以來，珍娜目睹了人類文明的興衰。但無論時局如何更迭，她仍是代表希望的一盞明燈，堅定守護著需要幫助的人。','https://images.contentstack.io/v3/assets/blt370612131b6e0756/blt3fbe43fc9c88866c/5f7f71e51ca9100f24f8171c/janna_champthumb.jpg'),(23,'嘉文四世','Jarvan IV','作為國王的唯一子嗣，嘉文王子是蒂瑪西亞王位的唯一繼承人。他集蒂瑪西亞崇尚的美德於一身，同時內心也渴望在戰場上證明自己的價值。他除了是一名技藝高超的戰士，也是一名傑出的領導者。以決心與勇氣激勵部隊的他實實在在證明了他會是未來帶領蒂瑪西亞人的明君。','https://images.contentstack.io/v3/assets/blt370612131b6e0756/blt972b2f8bca0669fd/5f7f72002b9e620efd874352/jarvaniv_champthumb.jpg'),(24,'賈克斯','Jax','庫哈里是一群誓言保衛伊卡西亞的人，而符文大陸最偉大的武器大師「賈克斯」是庫哈里唯一的倖存者。但是當人們使用虛空，作為對抗蘇瑞瑪帝國至高戰士團的武器，伊卡西亞因此遭到滅頂之災，賈克斯失去了家園與生存的目的。他拾起「伊卡西亞最後一盞明燈」，象徵著他擊敗虛空的希望，之後在世界遊走，尋找強大到足以和他攜手對抗黑暗來襲的戰士。','https://images.contentstack.io/v3/assets/blt370612131b6e0756/blt6b1de7efd9fd0347/5f7f721ed955bf0f0e566ff3/jax_champthumb.jpg'),(25,'庫奇','Corki','身為約德爾飛行員的庫奇生平最愛兩件事物：第一是飛行，第二是他那迷人的鬍鬚…雖然不一定都是這個順位就是了。庫奇離開班德爾城之後選擇定居在皮爾托福，在那裡他深深愛上了某個令他感到驚艷的機器。他將所有心力投入在飛行器的開發上，並領導了一支經驗豐富，由一群退伍軍人組成的飛行中隊：尖嘯之蛇。你會發現庫奇在猛烈砲火之下依然可以保持冷靜，因為他從來沒有遇到無法用他的超級導彈解決的問題。','https://images.contentstack.io/v3/assets/blt370612131b6e0756/bltcf0aca4fcb7df2b9/6010a1d46e1217102724a62e/Corki_ChampThumb.jpg'),(26,'凱能','Kennen','作為均衡秩序團最為資深的成員，約德爾人凱能是均衡第一任，也是唯一一任狂暴之心。數百年來，他用交際手腕與力量，為他所選擇的家鄉愛歐尼亞維持神聖平衡。凱能身手如閃電般迅捷，經歷豐富的漫長一生賦予了他智慧。他和暮光之眼慎並肩作戰，憑藉著風暴般的手裏劍與毀滅性的電能，保衛最初淨土脆弱的平衡。','https://images.contentstack.io/v3/assets/blt370612131b6e0756/bltb1adfc890213aad3/601087874485e50f8f20b3c0/Kennen_ChampThumb.jpg'),(27,'燼','Jhin','燼是一個神經質、視殺戮為藝術的罪犯。曾經被囚禁在愛歐尼亞，但隨後被愛歐尼亞議會中的黑暗勢力解放，這個連續殺人犯現在成為了他們的影子刺客。他的槍如畫筆，燼以暴力之美創造他個人的藝術品，嚇壞了受害者和圍觀的群眾。他從展示他病態的犯罪現場中獲得快感，同時向世人散佈強而有力的訊息：恐懼。','https://images.contentstack.io/v3/assets/blt370612131b6e0756/blt923d5d6819c871b2/5f7f7238ee00c80ec595afa6/jhin_champthumb.jpg'),(28,'吉茵珂絲','Jinx','吉茵珂絲來自佐恩，是一名極為瘋狂且衝動的犯罪分子。她以肆意破壞為樂，絲毫不在乎後果。她平時最愛帶著她的玩具（但其實都是一些致命武器）到處趴趴走，凡是她走過的地方必定留下一陣混亂及恐慌，而她畢生最愛的就是響徹雲霄的爆破聲以及刺眼的爆炸火光。吉茵珂絲完全無法忍受無聊的生活，隨心所欲地在各地製造混亂是她感到開心的唯一理由。','https://images.contentstack.io/v3/assets/blt370612131b6e0756/blte849b5a38741e1c7/5f7f72529223840f03e0651a/jinx_champthumb.jpg'),(29,'凱莎','Kai\'Sa','凱莎在她還是個孩子的時後被拖入了虛空，她透過絕對的意志力和堅定的意念，不斷地設法在這虛空深淵中生存下去。這樣的經歷使她成為了一位致命的狩獵者，這對某些人來說，是個寧願選擇死亡也不想親眼看見的未來預兆。與活生生的虛空蟲殼進入一種不安的共生狀態後，凱莎勢必在不久的將來，決定是否要原諒那些稱她為怪物的凡人，而一同並肩做戰對抗即將來臨的黑暗 … 又或是無視那些凡人，成為虛空的一份子，吞噬著這個拋棄她的世界。','https://images.contentstack.io/v3/assets/blt370612131b6e0756/blt6fbe44554e474713/5f9b3d95b543e210850be5d8/kaisa_champthumb.jpg'),(30,'李星','Lee Sin','李星是精通愛歐尼亞古代武術的大師。每當眼前出現挑戰，他體內蘊藏的龍魂之力就會發揮作用，並帶給他超凡的力量。雖然數年前他失去了視力，但這名武僧卻依舊致力於保護他的家鄉，消滅任何膽敢破壞愛歐尼亞平衡的不法之徒。那些低估他的人最後不是被他的拳頭擊倒，就是慘死於他的迴旋踢之下。李星是精通愛歐尼亞古代武術的大師。每當眼前出現挑戰，他體內蘊藏的龍魂之力就會發揮作用，並帶給他超凡的力量。雖然數年前他失去了視力，但這名武僧卻依舊致力於保護他的家鄉，消滅任何膽敢破壞愛歐尼亞平衡的不法之徒。那些低估他的人最後不是被他的拳頭擊倒，就是慘死於他的迴旋踢之下。','https://images.contentstack.io/v3/assets/blt370612131b6e0756/bltedb257a898940458/5f7f79d63088980ee66122ff/leesin_champthumb.jpg'),(31,'露璐','Lulu','約德爾法師露璐以她如夢境般的幻術以及能夠召喚出奇異生物的魔法聞名，她與自己的精靈夥伴──皮克斯漫遊在符文大地上。露璐塑造出不可思議的現實，以她的眼光，扭曲這個平凡且無趣世界的結構。其他人對她魔法的評價有十分大的差異，有些人描述為不自然的魔法，更有些人認為她十分危險，儘管如此，她還是深信每個人多少一定會有需要用到法術的那天。','https://images.contentstack.io/v3/assets/blt370612131b6e0756/blta18958fa00932a79/6010a8d896de49101cfb5138/Lulu_ChampThumb.jpg'),(32,'拉克絲','Lux','拉克絲安娜‧皇冠守衛來自蒂瑪西亞，那是一個孤立、且將魔法視為邪惡的王國。拉克絲能夠操作光束，這樣的能力讓她在長大過程中心驚膽戰，深怕被發現然後放逐，也因為這種恐懼，她被迫隱藏自己的能力，試圖維持自己家族聲譽。儘管如此，拉克絲的樂觀以及堅韌讓她接受了自己獨特的天賦，而她現在希望能夠讓祖國變得對魔法改觀。','https://images.contentstack.io/v3/assets/blt370612131b6e0756/blt1003680e360b100c/5f7f79fcb0ebb60f03a11601/lux_champthumb.jpg'),(33,'墨菲特','Malphite','墨菲特是一頭身形巨大的岩石生命體，他誕生自伊克斯塔爾的偉大建物——「幻石」的核心之中。數個世紀以來，他不斷研究著符文大地的元素平衡，並利用自身強大的力量，在頻繁陷入混亂的世界中維持著秩序，消滅潛伏於大陸之下的黑暗。如今，墨菲特得忍受性情反覆無常、總是在他沉睡時把他叫醒的人類；與此同時，身為族人中唯一的倖存者，他也在尋找值得自己去努力的使命。','https://images.contentstack.io/v3/assets/blt370612131b6e0756/blta040386967abf80c/5f7f7a17ee00c80ec595b0c2/malphite_champthumb.jpg'),(34,'易大師','Master Yi','易大師磨練陶冶自己的思想與體魄，他的身與心近乎合而為一。雖然他視暴力為迫於無奈的最後手段，但他那迅速而優雅的刀鋒總能確保問題迎刃而解。身為最後一名愛歐尼亞藝術「無極之術」的傳承守護者，他畢生致力於將這武術延續下去 － 利用他那七眼洞悉能力來審視具有潛力的新徒弟，並找出他們之中最有價值的人。','https://images.contentstack.io/v3/assets/blt370612131b6e0756/bltf64a7c7ed68b3ede/5f7f7a39fcce2d0edc77b48b/masteryi_champthumb.jpg'),(35,'好運姐','Miss Fortune','莎拉．福爾敦同時以艷麗的美貌與無情的冷酷聞名，即使身處無數罪犯充斥的港口城市，她出眾的特質也鮮少有人能出其右。她於幼時親眼目睹剛普朗克謀殺了她的雙親，那副景象深刻地印在腦海中數年不散，直至將海洋之災的船與他一起炸毀，實現了她殘暴的復仇。低估賞金獵人意志的愚徒將會面臨一名善於誘騙且難以預測的難纏對手，而且很可能還要再多吃一兩顆子彈呢。','https://images.contentstack.io/v3/assets/blt370612131b6e0756/blt4b4175e6f80a3b9c/5f7f7a56235f470f4937196c/missfortune_champthumb.jpg'),(36,'娜米','Nami','身為一名年輕任性，居住在深海的梵斯塔雅人，娜米是第一個在星際漫遊者破壞和族人古老的約定後，進而離開海洋、冒險進入陸地的瑪拉族人。由於沒有其它選擇，娜米挺身而出、責無旁貸地完成了神聖的儀式，這將確保她們族人的安全。在這個新時代的混亂中，娜米用堅定的毅力和決心面對著充滿變數的未來，運用她那象徵著海潮之音的權杖召喚海洋本身的力量。','https://images.contentstack.io/v3/assets/blt370612131b6e0756/blt9aa2271759e1ff14/5f7f7a6f2b9e620efd8744a6/nami_champthumb.jpg'),(37,'納瑟斯','Nasus','納瑟斯是個豺狼頭人身的至高戰士，在蘇瑞瑪是受到大眾崇敬、如神一般的英雄存在。他才思敏捷，是知識的捍衛者與無人能及的策略家，他的智慧在曾經的數個世紀中造就了偉大的帝國。歷經阿祈爾失敗的飛昇儀式後，納瑟斯放逐自己，成了只存在於傳說中的人物。但如今烈日巨環重新升起，他也再度歸來，決心要確保巨環不會再殞落。','https://images.contentstack.io/v3/assets/blt370612131b6e0756/bltab4d108f5fbcc9cc/5f7f7a8810c63c0f1923568e/nasus_champthumb.jpg'),(38,'歐拉夫','Olaf','歐拉夫來自弗雷爾卓德境內險惡的洛克法半島，他就像一個任誰都無法阻擋的破壞之力，手持戰斧的他只想光榮戰死在戰鬥之中。過去歐拉夫曾經收到一個預言，那就是未來他將會面臨到如懦夫般任人欺壓的命運。這個預言對歐拉夫及他的人民來說是一個極大的污辱，聽到的當下他立刻暴怒，自此開啟了死亡的追尋之路。他不畏危險，闖入了所有險象環生之地，並屠殺了數十名偉大的戰士以及傳說中的怪獸。之所以這麼做沒有別的原因，只是想看看有誰可以阻止他。如今的歐拉夫是代表冬之爪的執法者，他期待在即將到來的大戰中終結自己的性命。','https://images.contentstack.io/v3/assets/blt370612131b6e0756/blt3e9b87cf825fc3cc/5f7f7aa510c63c0f1923569a/olaf_champthumb.jpg'),(39,'奧莉安娜','Orianna','奧莉安娜曾經是個好奇、有著血肉之軀的女孩，現在則是一個完全由發條組成的科學技術奇蹟。地下城市佐恩發生的一場意外事故，使她病入膏肓；她逐漸衰竭的身體不得不被精巧的手工零件逐一取代。帶著蘊藏海克斯科技武力的非凡黃銅球體，奧莉安娜現在可以自由探索皮爾托福，甚至更遠的地方。','https://images.contentstack.io/v3/assets/blt370612131b6e0756/bltf4f046eddb07e2b4/5f7f7ac0d48a690f08f8b889/orianna_champthumb.jpg'),(40,'銳空','Rakan','魅力不凡又反覆無常的銳空是一名梵斯塔雅人，同時也是一位惡名昭彰的麻煩製造者。他是洛特蘭部族有史以來最偉大的戰鬥舞者，對於居住在愛歐尼亞高地的人類來說，銳空一直以來都是民俗節慶、狂歡派對、地下音樂的代名詞。但這位精力充沛的流浪表演家拋下了過往的生活方式，致力幫助他的愛人革命家剎雅達成理想。他們兩人一起為了解放愛歐尼亞的魔法而努力，要讓梵斯塔雅人奪回往日榮光。','https://images.contentstack.io/v3/assets/blt370612131b6e0756/blt321e251529ab9ab4/60242f0cf13a6d4c0c2581a5/Rakan_ChampThumb.jpg'),(41,'瑟菈紛','Seraphine','瑟菈紛出生於皮爾托福，父母都是佐恩人，她能夠聽見其他人靈魂的聲音，周遭的世界對她歌唱，她也以自己的歌聲回應。雖然在小時候，這些聲音曾讓她無法承受，現在她從中汲取了靈感，將混亂轉化成和諧的交響樂。她為兩座相依的城市表演，提醒大眾他們並不是孤單一人，團結能夠帶來力量，在她眼中，他們擁有無限的潛能。','https://images.contentstack.io/v3/assets/blt370612131b6e0756/bltfbdc2e9b046432a9/5f9b3f1d98312b1100f09b61/seraphine_champthumb.jpg'),(42,'希瓦娜','Shyvana','希瓦娜是身懷強大元素之力的半龍，她平時以人類型態示人，但必要之際她會用真實的樣貌焚燒眼前所有敵人。曾經拯救過王子嘉文四世的她現在是他的皇家護衛，並力圖在多疑的蒂瑪西亞人之中得到接納。','https://images.contentstack.io/v3/assets/blt370612131b6e0756/bltc0d9357950b8d333/5f874d7f271ecf4a1a6447b3/Shyvana_ChampThumb.jpg'),(43,'辛吉德','Singed','辛吉德是一位佐恩的煉金術士，有著無可匹敵的智慧，一生致力於超越知識的界限。他不惜任何代價，付出自己的理智也在所不惜。這樣的瘋狂有章法可言嗎？他調製的藥品很少失敗，但是在許多人的眼裡，辛吉德早已經失去了任何人性，所經之處徒留苦難與駭人的劇毒足跡。','https://images.contentstack.io/v3/assets/blt370612131b6e0756/blt7af3feae080ced71/5f7f7af9fcce2d0edc77b4ad/singed_champthumb.jpg'),(44,'索娜','Sona','索娜是星之琴的天才演奏家，優雅的和絃與富有生命力的旋律是她唯一的溝通管道。她禮貌的態度讓她贏得了蒂瑪西亞貴族的喜愛，但有些人懷疑她扣人心弦的樂聲其實帶有魔力，在蒂瑪西亞，這將為她帶來危險。在外人面前極為沉默的她，卻能與親近的人溝通無礙。索娜不僅為撫慰受傷的盟友彈奏，也透過樂音擊敗毫無戒心的敵人。','https://images.contentstack.io/v3/assets/blt370612131b6e0756/blte2d2bdaf2f41bb69/5f7f7b136953080f2f2236bb/sona_champthumb.jpg'),(45,'索拉卡','Soraka','作為一個來自天界的流浪者，索拉卡放棄了永生，只為了保護凡人免於受到無知與暴力天性的危害。她致力將慈悲與憐憫的美德傳達給她遇見的每一個人 － 引領迷失者並治癒傷者。儘管索拉卡已經預見了這個世界遭受的苦難，她仍相信符文大地上的人民仍未發揮他們全部的潛力。','https://images.contentstack.io/v3/assets/blt370612131b6e0756/blt6dede85425046d51/5f7f7b2fe75e0f0f194a7156/soraka_champthumb.jpg'),(46,'崔絲塔娜','Tristana','當許多其他約德爾人將自己的精力投入發現、發明或製造簡單的惡作劇時，崔絲塔娜總是被偉大戰士的冒險所啟發。她聽過很多關於符文大地的事情，它的派別、它的戰爭，並相信她的種族也值得成為傳奇人物。第一次踏上了這個世界，崔絲塔娜拿起了她那發出隆隆聲響的可靠大砲，以堅定的勇氣和樂觀的態度躍入了戰鬥之中。','https://images.contentstack.io/v3/assets/blt370612131b6e0756/blt33ebb2999f40b42a/6010939d5ad9610f6cb78f8b/Tristana_ChampThumb.jpg'),(47,'提摩','Teemo','即使是最險峻的阻礙也無法使提摩停下腳步。他總是滿懷著熱情，以開朗樂觀的態度探索這個世界。提摩對於道德感的標準有自己一套原則，他遵循著班德爾偵察隊守則行事並相當自豪。有時候提摩會因為過於熱心，而沒有察覺到自己的行為會導致何種後果。雖然某些人認為偵察員沒有必要存在，但絕對沒有人會質疑提摩的信念。','https://images.contentstack.io/v3/assets/blt370612131b6e0756/blt239b720aa7344d15/60107b5b0839e910126d75ff/Teemo_ChampThumb.jpg'),(48,'泰達米爾','Tryndamere','在無盡怒火的驅使下，泰達米爾穿越了整個弗雷爾卓德，公然挑戰北境最偉大的戰士，而這一切都是為了即將到來的黑暗做準備。這位蠻族之王一心想著替遭到屠殺的族人復仇，只是和艾希的政治聯姻如今徹底改寫了他的未來。泰達米爾不尋常的力量和韌性使他成為了傳奇，並為他全新的友盟帶來了無數勝利。','https://images.contentstack.io/v3/assets/blt370612131b6e0756/blt1ab74fc12c8d82d4/5f7f7b4b0fa7480f8b8d7fa5/tryndamere_champthumb.jpg'),(49,'逆命','Twisted Fate','逆命是個惡名昭彰的賭徒和騙子，他透過賭博走過了世界上大多數的地方，也贏得了不少敵意和敬意。他很少認真看待事情，以嘲諷的微笑和漫不經心的態度渡過每一天。不論處於什麼狀況，逆命手中總是留著一張王牌。','https://images.contentstack.io/v3/assets/blt370612131b6e0756/blt395fb7c8a71dcb2c/5f7f7b65ee00c80ec595b102/twistedfate_champthumb.jpg'),(50,'法洛士','Varus','身為古老冥血族之一的法洛士，是個喜愛用箭矢折磨敵人，讓敵人在死亡前欲哭無淚、精神面臨崩潰的致命殺手。法洛士於史詩級的冥血戰役尾聲被監禁了起來，但在幾個世紀後逮到機會寄宿於兩個愛歐尼亞獵人所重鑄而成的新軀體 － 這兩人在不知情的情況下釋放出法洛士，便被那把充斥著法洛士靈魂的弓箭所控制著。現今的法洛士為了進行殘酷的復仇，到處狩獵那些監禁他的人們，但正因如此，軀體裡的凡人靈魂一路以來都激烈地反抗著他。','https://images.contentstack.io/v3/assets/blt370612131b6e0756/blt46c254ffefda2bcd/5f7f7b83c1be730f80a84bfa/varus_champthumb.jpg'),(51,'汎','Vayne','莎烏娜．汎是一名無情且致命的蒂瑪西亞暗夜獵人，一生致力找尋並摧毀那個謀殺她家族的惡魔。手腕上的弩弓與胸口滿溢的復仇便是汎的武裝，只有從暗影中以銀箭親手殺死與黑魔法相關的勢力，她才能感到心滿意足。','https://images.contentstack.io/v3/assets/blt370612131b6e0756/blt7737ba81c02f1654/5f7f7ba1791dbc0f80a3ce35/vayne_champthumb.jpg'),(52,'菲艾','Vi','菲艾曾經是流落佐恩街頭的罪犯，她個性暴躁、衝動、令人心生畏懼，對於有權有勢的人不屑一顧。她從小就獨自一人生活，培養了敏銳的生存本能，還有惡趣味的幽默感。現在她在皮爾托福的警備隊服役，負責維護城內的治安。她手上的海克斯拳套可以輕易粉碎建築物以及那些想要造次的罪犯。','https://images.contentstack.io/v3/assets/blt370612131b6e0756/blta348cca4329788dd/5f7f7bbc8ebedd0f2d2c3329/vi_champthumb.jpg'),(53,'剎雅','Xayah','剎雅是梵斯塔雅一名致命、犀利的改革者，她一個人發起了戰爭，希望能拯救自己的同胞。她運用高速的身法、詭計，還有跟刀刃一樣鋒利的羽毛清除所有擋路的障礙。為了讓他們日漸消亡的部落重返榮耀，剎雅與她的情人，銳空同心協力，鍥而不捨的奮鬥著。','https://images.contentstack.io/v3/assets/blt370612131b6e0756/blt57163367e55ebc87/6024ec38f13a6d4c0c2584e8/Xayah_ChampThumb.jpg'),(54,'趙信','Xin Zhao','趙信是效忠於蒂瑪西亞皇室的英勇戰士。他曾經淪落於諾克薩斯的競技場，透過無數次殺戮證明自己的價值。就在他與嘉文三世見面之後，他毅然決然放棄自己過去的人生，並為更加崇高的榮耀賣命。現在的趙信揮舞著三叉戟，誓死為蒂瑪西亞而戰。','https://images.contentstack.io/v3/assets/blt370612131b6e0756/blt000caee0d920565e/5f7f7bece4d8ad0f2d4a5d7a/xinzhao_champthumb.jpg'),(55,'犽宿','Yasuo','犽宿是一名擁有堅定意志的愛歐尼亞人，也是可以舞動清風斬敵的敏捷劍客。只不過年輕驕傲的他，卻肩負起謀殺師傅的莫須有罪名。因無法證明清白，而被迫殺害親哥哥自我防衛。即使殺害師傅的真正兇手後來終於揭曉，兄長也神祕地起死回生，犽宿仍無法原諒自己所做的一切。如今，他在世界各地闖蕩著，唯有疾風伴隨刀刃左右','https://images.contentstack.io/v3/assets/blt370612131b6e0756/bltfd2be0d40338263d/5f7f7c0bd955bf0f0e56710b/yasuo_champthumb.jpg'),(56,'劫','Zed','劫的性格殘忍、無情，他是幽影軍團的領導者。他之所以創立這個組織，只為了將愛歐尼亞自古流傳的魔法和武術傳統軍事化，並藉此驅逐所有諾克薩斯的侵略者。戰爭期間，劫內心的絕望促使他碰觸禁忌，並解開了神秘的影子之力 － 一個相當邪惡且強大的靈魂魔法，稍有不慎，便會侵蝕世間萬物。如今劫已掌握了所有禁術，他將毫不留情地摧毀任何對愛歐尼亞會造成威脅，或是違抗他訂定的秩序之存在。','https://images.contentstack.io/v3/assets/blt370612131b6e0756/blt9de0674d46940328/5f7f7c2c31b2350f1e670568/zed_champthumb.jpg'),(57,'希格斯','Ziggs','希格斯是一名天生對炸彈情有獨鍾的約德爾人。他原本在皮爾托福擔任漢默丁格的助手，但他漸漸對這種一成不變的生活感到厭倦。在因緣際會下，他結識了一位名為吉茵珂絲的瘋狂炸彈客。在一整夜的狂歡後，希格斯決定接受吉茵珂絲的提議並搬到佐恩居住。現在他可以隨心所欲地探索自己熱愛的事物，恐嚇那些化學男爵和市井小民。希格斯永遠不會停止他的爆炸藝術。','https://images.contentstack.io/v3/assets/blt370612131b6e0756/blt17d8cf20f6703399/5f7f7c52791dbc0f80a3ce45/ziggs_champthumb.jpg'),(58,'卡特蓮娜','Katarina','判斷精確，招招致命，卡特蓮娜是諾克薩斯的頂尖刺客。做為傳奇般的將軍──杜‧克卡奧的長女，卡特蓮娜以自己迅速且出敵人不意的刺殺聞名。她熊熊燃燒的野心驅使她追尋那些戒備最森嚴，防護最完備的目標，儘管此舉常常危及她盟友的安全。無論接到的任務是甚麼，卡特蓮娜絕對會利用旋轉在她身旁的刀刃旋風，完整的執行自己的使命，毫無二心。','https://images.contentstack.io/v3/assets/blt370612131b6e0756/blt8872a4de83eb8320/6037ecc67737ce7794e65db0/Katarina_ChampThumb.jpg');
/*!40000 ALTER TABLE `champions` ENABLE KEYS */;
UNLOCK TABLES;

--
-- Table structure for table `clothes`
--

DROP TABLE IF EXISTS `clothes`;
/*!40101 SET @saved_cs_client     = @@character_set_client */;
/*!50503 SET character_set_client = utf8mb4 */;
CREATE TABLE `clothes` (
  `cl_id` int NOT NULL AUTO_INCREMENT COMMENT '造型總覽ID',
  `cid` int NOT NULL COMMENT '英雄_造型ID',
  `clname` varchar(45) NOT NULL COMMENT '造型名稱',
  `cl_origin` int DEFAULT NULL COMMENT '1:原始造型 \\ 0:額外造型',
  `cl_img` varchar(256) DEFAULT NULL COMMENT '造型照片連結',
  PRIMARY KEY (`cl_id`),
  KEY `clothes_fk_idx` (`cid`),
  CONSTRAINT `clothes_fk` FOREIGN KEY (`cid`) REFERENCES `champions` (`cid`)
) ENGINE=InnoDB AUTO_INCREMENT=207 DEFAULT CHARSET=utf8 COMMENT='造型總攬ID';
/*!40101 SET character_set_client = @saved_cs_client */;

--
-- Dumping data for table `clothes`
--

LOCK TABLES `clothes` WRITE;
/*!40000 ALTER TABLE `clothes` DISABLE KEYS */;
INSERT INTO `clothes` VALUES (1,1,'九尾妖狐 阿璃',1,'https://images.contentstack.io/v3/assets/blt370612131b6e0756/blt8d1a3e286ee753cf/5f76a07faf58110efed2652d/Ahri_Skin01.jpg'),(2,1,'妖焰火狐 阿璃',0,'https://images.contentstack.io/v3/assets/blt370612131b6e0756/blt8210f84310f5ac5a/5f76a07fd4fbb50ef30754c9/Ahri_Skin02.jpg'),(3,1,'電玩女神 阿璃',0,'https://images.contentstack.io/v3/assets/blt370612131b6e0756/blt1a3b633781cf3af0/5f76a080dac9270efe35f268/Ahri_Skin03.jpg'),(4,1,'K/DA 阿璃 ALL OUT特別版',0,'https://ddragon.leagueoflegends.com/cdn/img/champion/splash/Ahri_28.jpg'),(5,2,'隻影刺客 阿卡莉',1,'https://images.contentstack.io/v3/assets/blt370612131b6e0756/blt790135e9302ea702/5f9b3bdf8825282bcecdeaf1/akali_skin01.jpg'),(6,2,'獵頭者 阿卡莉',0,'https://images.contentstack.io/v3/assets/blt370612131b6e0756/bltd6a1d80eaf566cf4/5f9b3bdf4f94037be6f60115/akali_skin02.jpg'),(7,2,'K/DA ALL OUT 阿卡莉',0,'https://images.contentstack.io/v3/assets/blt370612131b6e0756/blt52f9db57e8813c4c/5f9b3be0164ebf10ea202bbf/akali_skin03.jpg'),(8,3,'牛頭酋長 亞歷斯塔',1,'https://images.contentstack.io/v3/assets/blt370612131b6e0756/blt8b986f4545cbf7bc/5f7f70497f76200f1733c168/alistar_skin01.jpg'),(9,3,'亞歷哞哞 亞歷斯塔',0,'https://images.contentstack.io/v3/assets/blt370612131b6e0756/bltd726adac5af1174d/5f7f704a6e4e710f24012827/alistar_skin02.jpg'),(10,3,'劫掠重錘 亞歷斯塔',0,'https://images.contentstack.io/v3/assets/blt370612131b6e0756/blt7750e6540d0c14e1/5f7f704ba11c740ee7364b31/alistar_skin03.jpg'),(11,3,'金牛使者 亞歷斯塔',0,'https://images.contentstack.io/v3/assets/blt370612131b6e0756/blt3959686f846d6681/60259b9d52af9c14d9059640/Alistar_Skin04.jpg'),(12,4,'殤之木乃伊 阿姆姆',1,'https://images.contentstack.io/v3/assets/blt370612131b6e0756/bltf7343dba99866a31/5f7f70633088980ee66121b7/amumu_skin01.jpg'),(13,4,'地獄火 阿姆姆',0,'https://images.contentstack.io/v3/assets/blt370612131b6e0756/bltc2f3058f4d21f963/5f7f7065e4d8ad0f2d4a5be6/amumu_skin02.jpg'),(14,4,'悲劇騎士 阿姆姆',0,'https://images.contentstack.io/v3/assets/blt370612131b6e0756/blt1417d2163efcf625/5f7f7065be9b6d0f29635451/amumu_skin03.jpg'),(15,4,'哀傷機器人 阿姆姆',0,'https://images.contentstack.io/v3/assets/blt370612131b6e0756/bltd4edb3d36b940d94/602596a4269aa649b9758b53/Amumu_Skin04.jpg'),(16,5,'黑暗之女 安妮',1,'https://images.contentstack.io/v3/assets/blt370612131b6e0756/blt58c3738da05c4ab0/5f7f707e9223840f03e064b8/annie_skin01.jpg'),(17,5,'霜火魔女 安妮',0,'https://images.contentstack.io/v3/assets/blt370612131b6e0756/bltf767d284c14d2c59/5f7f707fb5b2ab0fa1dd26f1/annie_skin02.jpg'),(18,5,'小紅帽 安妮',0,'https://images.contentstack.io/v3/assets/blt370612131b6e0756/blte962c04078c9335a/5f7f70806e4e710f24012837/annie_skin03.jpg'),(19,5,'金牛使者 安妮',0,'https://images.contentstack.io/v3/assets/blt370612131b6e0756/blt3ce9c7e828943faf/60259bea204ccc12758e2abd/Annie_Skin04.jpg'),(20,6,'冰霜射手 艾希',1,'https://images.contentstack.io/v3/assets/blt370612131b6e0756/bltdbba674d2bf471c9/5f7f70971a0a7b0f226b8702/ashe_skin01.jpg'),(21,6,'急凍苔原 艾希',0,'https://images.contentstack.io/v3/assets/blt370612131b6e0756/blt370b9128e5788977/5f7f7098e7028c0f3ac46831/ashe_skin02.jpg'),(22,6,'劫掠殘弓 艾希',0,'https://images.contentstack.io/v3/assets/blt370612131b6e0756/bltacc2f7a4f7982b3c/5f7f709931b2350f1e6703ba/ashe_skin03.jpg'),(23,6,'冰霜皇后 艾希',0,'https://images.contentstack.io/v3/assets/blt370612131b6e0756/bltf896e894215aa8cc/60249da2f4a7946af033831b/Ashe_Skin04.jpg'),(24,7,'星際漫遊者 翱銳龍獸',1,'https://images.contentstack.io/v3/assets/blt370612131b6e0756/blt83a0dab3073b2a61/5f7f70b2c1be730f80a84a74/aurelionsol_skin01.jpg'),(25,7,'機甲烈空 翱銳龍獸',0,'https://images.contentstack.io/v3/assets/blt370612131b6e0756/blt46994c527cd127ac/5f7f70b31de0210f38ba44ff/aurelionsol_skin02.jpg'),(26,7,'蒼火天尊 翱銳龍獸',0,'https://images.contentstack.io/v3/assets/blt370612131b6e0756/blt361a87804a677a1d/5f7f70b4791dbc0f80a3cccf/aurelionsol_skin03.jpg'),(27,8,'蒸汽巨神兵 布里茨',1,'https://images.contentstack.io/v3/assets/blt370612131b6e0756/blt6daee1de00fc658a/5f7f70cf0108fe0f08577e7b/blitzcrank_skin01.jpg'),(28,8,'戰鬥魔王 布里茨',0,'https://images.contentstack.io/v3/assets/blt370612131b6e0756/blt6dc5bcadf3d195f1/5f7f70d06f845d0f192f8fab/blitzcrank_skin02.jpg'),(29,8,'拳擊機器人 布里茨',0,'https://images.contentstack.io/v3/assets/blt370612131b6e0756/bltd6764a2b5ea09a61/5f7f70d18ebedd0f2d2c31e9/blitzcrank_skin03.jpg'),(30,9,'弗雷爾卓德豪腕 布郎姆',1,'https://images.contentstack.io/v3/assets/blt370612131b6e0756/bltc50ba093a6e32052/5f7f70e9d48a690f08f8b709/braum_skin01.jpg'),(31,9,'弒龍守護者 布郎姆',0,'https://images.contentstack.io/v3/assets/blt370612131b6e0756/bltf4d0758e51c5d3a4/5f7f70ea7759540f0e5f50de/braum_skin02.jpg'),(32,9,'罪惡城市 布郎姆',0,'https://images.contentstack.io/v3/assets/blt370612131b6e0756/bltad19130f9c21aed1/5f7f70eca85bbe0f755da39f/braum_skin03.jpg'),(33,9,'雄心戰士 布郎姆',0,'https://images.contentstack.io/v3/assets/blt370612131b6e0756/blt601cbcf1bb106e57/60249c1c5f9b2812764c39e1/Braum_Skin04.jpg'),(34,10,'鋼鐵殘影 卡蜜兒',1,'https://images.contentstack.io/v3/assets/blt370612131b6e0756/bltcfdeb5ade4645a29/5f7f71062579810f2f6bd896/camille_skin01.jpg'),(35,10,'人工智慧 卡蜜兒',0,'https://images.contentstack.io/v3/assets/blt370612131b6e0756/blt6abce9921105ebcc/5f7f7107bea0360f96bae7d2/camille_skin02.jpg'),(36,10,'女巫集會 卡蜜兒',0,'https://images.contentstack.io/v3/assets/blt370612131b6e0756/blt2b269d5056e1576b/5f7f71086055b40f59139053/camille_skin03.jpg'),(37,11,'處刑娛樂大師 達瑞文',1,'https://images.contentstack.io/v3/assets/blt370612131b6e0756/blt13ca85cdecaf53d2/6010ae6b3c38be10329e3df3/Draven_Skin01.jpg'),(38,11,'王牌播報員 達瑞文',0,'https://images.contentstack.io/v3/assets/blt370612131b6e0756/blt1e37ab04c1d8aa65/6010ae756215cf0f9a18da1c/Draven_Skin02.jpg'),(39,11,'靈魂收割者 達瑞文',0,'https://images.contentstack.io/v3/assets/blt370612131b6e0756/blt35d0226beaf27a49/6010ae7d27b1080f84370a5a/Draven_Skin03.jpg'),(40,12,'佐恩狂人 蒙多醫生',1,'https://images.contentstack.io/v3/assets/blt370612131b6e0756/bltfb0cc2d2dab7c717/5f7f7122472a560f4335f3ba/drmundo_skin01.jpg'),(41,12,'專業經理人 蒙多醫生',0,'https://images.contentstack.io/v3/assets/blt370612131b6e0756/blt941bb6a6cc52a938/5f7f7122a1441e0f5fc46b41/drmundo_skin02.jpg'),(42,12,'歐格碼獸人 蒙多醫生',0,'https://images.contentstack.io/v3/assets/blt370612131b6e0756/bltace118c9707ec994/5f7f7124d48a690f08f8b715/drmundo_skin03.jpg'),(43,12,'霜凍王子 蒙多',0,'https://images.contentstack.io/v3/assets/blt370612131b6e0756/bltdd2bbcf7a759aca6/6024916354849c183a1c2b79/DrMundo_Skin04.jpg'),(44,13,'諾克薩斯之力 達瑞斯',1,'https://images.contentstack.io/v3/assets/blt370612131b6e0756/blt43e58e72bf11c2de/6010735b82548c0f8284c492/Darius_Skin01.jpg'),(45,13,'西域牛仔 達瑞斯',0,'https://images.contentstack.io/v3/assets/blt370612131b6e0756/bltc60b6f42134b2b4a/6010735b27b1080f84370916/Darius_Skin02.jpg'),(46,13,'菁英學院 達瑞斯',0,'https://images.contentstack.io/v3/assets/blt370612131b6e0756/bltfbcbd8e3f14eb6dd/6010735b94a1800f61b50874/Darius_Skin03.jpg'),(47,13,'金牛使者 達瑞斯',0,'https://images.contentstack.io/v3/assets/blt370612131b6e0756/blt0d8831ecd72590ed/6025b5fa61513a1aa74768ac/Darius_Skin04.jpg'),(48,14,'臨終擁抱 伊芙琳',1,'https://images.contentstack.io/v3/assets/blt370612131b6e0756/blt6ebca1ce950809b8/5f9b3bf58b396a289f2707a9/evelynn_skin01.jpg'),(49,14,'探戈靈魂 伊芙琳',0,'https://images.contentstack.io/v3/assets/blt370612131b6e0756/bltb1af46e058a7e977/5f9b3bf659fe1c3a2576f049/evelynn_skin02.jpg'),(50,14,'K/DA ALL OUT 伊芙琳',0,'https://images.contentstack.io/v3/assets/blt370612131b6e0756/bltf804f1101d408064/5f9b3bf97ccbb036e77e6c11/evelynn_skin03.jpg'),(51,15,'齊天大聖 悟空',1,'https://images.contentstack.io/v3/assets/blt370612131b6e0756/bltad45a01a82f3c5dc/6010ae8c3c38be10329e3df9/Wukong_Skin01.jpg'),(52,15,'火焰猴王 悟空',0,'https://images.contentstack.io/v3/assets/blt370612131b6e0756/blt4d70a24bda91734e/6010ae960a80720ff10f3a26/Wukong_Skin02.jpg'),(53,15,'如來佛祖玉皇大帝觀音菩薩指定取西經特派使者花果山水簾洞美猴王齊天大聖 悟空',0,'https://images.contentstack.io/v3/assets/blt370612131b6e0756/blt82a6abbf0f6d2158/6010ae9d0069f70f777202c5/Wukong_Skin03.jpg'),(54,16,'探險家 伊澤瑞爾',1,'https://images.contentstack.io/v3/assets/blt370612131b6e0756/blt68ee0df30ebdcc18/60242afc29a02c49ba1f674d/Ezreal_Skin01.jpg'),(55,16,'決勝賭豪 伊澤瑞爾',0,'https://images.contentstack.io/v3/assets/blt370612131b6e0756/blt8b7b8b5ae6ce6bdc/5f7f7140a1441e0f5fc46b47/ezreal_skin02.jpg'),(56,16,'冰川勇者 伊澤瑞爾',0,'https://images.contentstack.io/v3/assets/blt370612131b6e0756/blt377444df40f2e61f/5f7f7141fcce2d0edc77b377/ezreal_skin03.jpg'),(57,16,'星光戰士 伊澤瑞爾',0,'https://images.contentstack.io/v3/assets/blt370612131b6e0756/bltfb59e282310c63ed/602597505f9b2812764c3f0b/Ezreal_Skin04.jpg'),(58,17,'孤高劍客 菲歐拉',1,'https://images.contentstack.io/v3/assets/blt370612131b6e0756/blt90d49183649cacd5/5f7f7158a11c740ee7364b87/fiora_skin01.jpg'),(59,17,'皇家守衛 菲歐拉',0,'https://images.contentstack.io/v3/assets/blt370612131b6e0756/blt7ac5038de152c2ad/5f8e3b56f9d3bf27fac3d17c/fiora_skin02.jpg'),(60,17,'劍仙：承影 菲歐拉',0,'https://images.contentstack.io/v3/assets/blt370612131b6e0756/blt94d80bcc58f890c6/5f7f715ab5b2ab0fa1dd2735/fiora_skin03.jpg'),(61,17,'金牛使者 菲歐拉',0,'https://images.contentstack.io/v3/assets/blt370612131b6e0756/blt9fa01a8565b47f42/6025b7f2f4a7946af0338866/Fiora_Skin04.jpg'),(62,18,'深海頑童 飛斯',1,'https://images.contentstack.io/v3/assets/blt370612131b6e0756/blt0de6c60a51295f55/5f7f717210c63c0f19235576/fizz_skin01.jpg'),(63,18,'星際特攻 飛斯',0,'https://images.contentstack.io/v3/assets/blt370612131b6e0756/blt11d62c2d36e5e56e/5f7f71742b9e620efd874338/fizz_skin02.jpg'),(64,18,'虛空使者 飛斯',0,'https://images.contentstack.io/v3/assets/blt370612131b6e0756/blt1e73fa9822418b82/5f7f7175c1be730f80a84a98/fizz_skin03.jpg'),(65,18,'戰爭機器 飛斯',0,'https://images.contentstack.io/v3/assets/blt370612131b6e0756/blt3b7546731138e758/603829c6427f5d75042c4226/Fizz_Skin04.jpg'),(66,19,'蒂瑪西亞之力 蓋倫',1,'https://images.contentstack.io/v3/assets/blt370612131b6e0756/blt894103142614fcaf/5f7f718e0687250f6aedc1b3/garen_skin01.jpg'),(67,19,'死靈騎士 蓋倫',0,'https://images.contentstack.io/v3/assets/blt370612131b6e0756/bltaec22de30191d388/5f7f718fa8ede50f2f151699/garen_skin02.jpg'),(68,19,'海賊大將 蓋倫',0,'https://images.contentstack.io/v3/assets/blt370612131b6e0756/blt2559f0139f980dc7/5f7f7191ecb90f0f22474daf/garen_skin03.jpg'),(69,19,'鋼鐵軍團 蓋倫',0,'https://images.contentstack.io/v3/assets/blt370612131b6e0756/blt320ab7002f0af145/6025956ef13a6d4c0c2588ff/Garen_Skin04.jpg'),(70,20,'酒桶之王 古拉格斯',1,'https://images.contentstack.io/v3/assets/blt370612131b6e0756/blt9103bde919869f16/5f7f71a99223840f03e06502/gragas_skin01.jpg'),(71,20,'哈雷酒王 古拉格斯',0,'https://images.contentstack.io/v3/assets/blt370612131b6e0756/bltce293c7876335d44/5f7f71abfbf5650f0cf1474d/gragas_skin02.jpg'),(72,20,'爆桶騎士 古拉格斯',0,'https://images.contentstack.io/v3/assets/blt370612131b6e0756/bltc553ac566cf2eb7b/5f7f71ac0faf280f13a2aee1/gragas_skin03.jpg'),(73,21,'亡命之徒 葛雷夫',1,'https://images.contentstack.io/v3/assets/blt370612131b6e0756/blta9dcdbe506921e81/5f7f71c5e7028c0f3ac46875/graves_skin01.jpg'),(74,21,'罪惡城市 葛雷夫',0,'https://images.contentstack.io/v3/assets/blt370612131b6e0756/blt34f1beb36ebd5823/5f7f71c7cb46430ef864dba4/graves_skin02.jpg'),(75,21,'禁衛軍甲 葛雷夫',0,'https://images.contentstack.io/v3/assets/blt370612131b6e0756/blt92982f6a2dcb2260/5f7f71c81de0210f38ba452d/graves_skin03.jpg'),(76,21,'黑街殺手 葛雷夫',0,'https://images.contentstack.io/v3/assets/blt370612131b6e0756/blte4b3f649f400793a/6038238b99494e6c4f1671ed/Graves_Skin04.jpg'),(77,22,'風暴女神 珍娜',1,'https://images.contentstack.io/v3/assets/blt370612131b6e0756/blte4b3f649f400793a/6038238b99494e6c4f1671ed/Graves_Skin04.jpg'),(78,22,'劍仙：驚鯢 珍娜',0,'https://images.contentstack.io/v3/assets/blt370612131b6e0756/blt5904753feb5a73db/5f7f71e3d0efe10f4e2d43ea/janna_skin02.jpg'),(79,22,'暴風雨女神 珍娜',0,'https://images.contentstack.io/v3/assets/blt370612131b6e0756/bltace960de209d585a/5f7f71e37759540f0e5f50fa/janna_skin03.jpg'),(80,22,'星光戰士 珍娜',0,'https://images.contentstack.io/v3/assets/blt370612131b6e0756/blt173fc65ade6c0184/602599e03e70bb4c12c71ee3/Janna_Skin04.jpg'),(81,23,'蒂瑪西亞楷模 嘉文四世',1,'https://images.contentstack.io/v3/assets/blt370612131b6e0756/blt5229d29d4ea748ac/5f7f71fd472a560f4335f3d4/jarvaniv_skin01.jpg'),(82,23,'魔鬼司令 嘉文四世',0,'https://images.contentstack.io/v3/assets/blt370612131b6e0756/blt37ebb141bb738f71/5f7f71fe9223840f03e0650e/jarvaniv_skin02.jpg'),(83,23,'幽冥煞星 嘉文四世',0,'https://images.contentstack.io/v3/assets/blt370612131b6e0756/blt36aa55132f712279/5f7f71fffcce2d0edc77b38d/jarvaniv_skin03.jpg'),(84,23,'金牛使者 嘉文四世',0,'https://images.contentstack.io/v3/assets/blt370612131b6e0756/blt371a7c5bae0d7861/6025b85b5f9b2812764c3f92/JarvanIV_Skin04.jpg'),(85,24,'武器達人 賈克斯',1,'https://images.contentstack.io/v3/assets/blt370612131b6e0756/blt371a7c5bae0d7861/6025b85b5f9b2812764c3f92/JarvanIV_Skin04.jpg'),(86,24,'霸世神杖 賈克斯',0,'https://images.contentstack.io/v3/assets/blt370612131b6e0756/blt371a7c5bae0d7861/6025b85b5f9b2812764c3f92/JarvanIV_Skin04.jpg'),(87,24,'釣魚宗師 賈克斯',0,'https://images.contentstack.io/v3/assets/blt370612131b6e0756/bltdf57f00917f2c4fc/5f7f721defdbc80efd070813/jax_skin03.jpg'),(88,25,'英勇投彈手 庫奇',1,'https://images.contentstack.io/v3/assets/blt370612131b6e0756/bltbdc4d299700caef7/60109bf43c38be10329e3dbd/Corki_Skin01.jpg'),(89,25,'彩虹戰機 庫奇',0,'https://images.contentstack.io/v3/assets/blt370612131b6e0756/bltc976061291e0dd70/60109bf50cb0aa0ffcdd5b5e/Corki_Skin02.jpg'),(90,25,'阿福騎士 庫奇',0,'https://images.contentstack.io/v3/assets/blt370612131b6e0756/blt541b7bad4e5dda22/60109bf482548c0f8284c5d6/Corki_Skin03.jpg'),(91,26,'狂暴之心 凱能',1,'https://images.contentstack.io/v3/assets/blt370612131b6e0756/blt3ff7eeb037504aab/601095fe6e1217102724a5fb/Kennen_Skin01.jpg'),(92,26,'雪嶺突襲 凱能',0,'https://images.contentstack.io/v3/assets/blt370612131b6e0756/blt6a91909285066ff2/601096577957730fa57aaf3e/Kennen_Skin02.jpg'),(93,26,'閃能',0,'https://images.contentstack.io/v3/assets/blt370612131b6e0756/blt044de267fb553bb7/6010964d96de49101cfb50de/Kennen_Skin03.jpg'),(94,27,'炫技大師 燼',1,'https://images.contentstack.io/v3/assets/blt370612131b6e0756/blt3b3632ba22ae4e87/5f7f7234cb46430ef864dbb6/jhin_skin01.jpg'),(95,27,'殺無赦 燼',0,'https://images.contentstack.io/v3/assets/blt370612131b6e0756/bltd9b5a3978f4e71b0/5f7f7235bea0360f96bae80c/jhin_skin02.jpg'),(96,27,'幽冥煞星 燼',0,'https://images.contentstack.io/v3/assets/blt370612131b6e0756/blt98735867f41b5089/5f7f7237fcce2d0edc77b39b/jhin_skin03.jpg'),(97,28,'暴走重砲 吉茵珂絲',1,'https://images.contentstack.io/v3/assets/blt370612131b6e0756/blte9401943f23e0296/5f7f724ea11c740ee7364b9d/jinx_skin01.jpg'),(98,28,'罪惡城市 吉茵珂絲',0,'https://images.contentstack.io/v3/assets/blt370612131b6e0756/blt346cf88e00df49a9/5f7f724f8ebedd0f2d2c323b/jinx_skin02.jpg'),(99,28,'除屍姬 吉茵珂絲',0,'https://images.contentstack.io/v3/assets/blt370612131b6e0756/blt4b2ab3e1d1366ed6/5f7f7251d0efe10f4e2d43fa/jinx_skin03.jpg'),(100,28,'星光戰士 吉茵珂絲',0,'https://images.contentstack.io/v3/assets/blt370612131b6e0756/blt08e2ab89b058e66e/60259aa63e70bb4c12c71ee7/Jinx_Skin04.jpg'),(101,29,'虛空之女 凱莎',1,'https://images.contentstack.io/v3/assets/blt370612131b6e0756/bltb26d45a4879b9456/5f9b3d9259fe1c3a2576f0a3/kaisa_skin01.jpg'),(102,29,'機動天使 凱莎',0,'https://images.contentstack.io/v3/assets/blt370612131b6e0756/blt9b7d9a502f71c5c1/5f9b3d9398312b1100f09b0b/kaisa_skin02.jpg'),(103,29,'K/DA ALL OUT 凱莎',0,'https://images.contentstack.io/v3/assets/blt370612131b6e0756/blt70f145e7e2c8fa2c/5f9b3d94653cea795bf9d176/kaisa_skin03.jpg'),(104,30,'盲眼武僧 李星',1,'https://images.contentstack.io/v3/assets/blt370612131b6e0756/blt70f145e7e2c8fa2c/5f9b3d94653cea795bf9d176/kaisa_skin03.jpg'),(105,30,'絕命拳師 李星',0,'https://images.contentstack.io/v3/assets/blt370612131b6e0756/bltbe02c80665818b98/5f7f79d4b5b2ab0fa1dd2835/leesin_skin02.jpghttps://images.contentstack.io/v3/assets/blt370612131b6e0756/bltbe02c80665818b98/5f7f79d4b5b2ab0fa1dd2835/leesin_skin02.jpg'),(106,30,'拳霸 李星',0,'https://images.contentstack.io/v3/assets/blt370612131b6e0756/blt9344573cff016353/5f7f79d590a4e40f544d7127/leesin_skin03.jpg'),(107,31,'精靈魔法使 露璐',1,'https://images.contentstack.io/v3/assets/blt370612131b6e0756/blt4a18be39de40e34d/6010aa240cb0aa0ffcdd5b9a/Lulu_Skin01.jpg'),(108,31,'馴龍高手 露璐',0,'https://images.contentstack.io/v3/assets/blt370612131b6e0756/bltc336f67575c8d21c/6010aa520069f70f777202b3/Lulu_Skin02.jpg'),(109,31,'黑貓魔法使 露璐',0,'https://images.contentstack.io/v3/assets/blt370612131b6e0756/blt5c7a5197462329d9/6010aa6f0069f70f777202b7/Lulu_Skin03.jpg'),(110,31,'星光戰士 露璐',0,'https://images.contentstack.io/v3/assets/blt370612131b6e0756/blt680325751c36d1d2/6010aa8b7957730fa57aaf9e/Lulu_Skin04.jpg'),(111,32,'光之少女 拉克絲',1,'https://images.contentstack.io/v3/assets/blt370612131b6e0756/blt9202e1cf0f60853c/5f7f79f9ee00c80ec595b0b8/lux_skin01.jpg'),(112,32,'魔法少女 拉克絲',0,'https://images.contentstack.io/v3/assets/blt370612131b6e0756/blt099d5ee7a2c7d21a/5f7f79faee00c80ec595b0bc/lux_skin02.jpg'),(113,32,'法術盜賊 拉克絲',0,'https://images.contentstack.io/v3/assets/blt370612131b6e0756/bltf44b85d25dddec26/5f7f79fbd955bf0f0e5670d3/lux_skin03.jpg'),(114,32,'星光戰士 拉克絲',0,'https://images.contentstack.io/v3/assets/blt370612131b6e0756/bltaf42acf6f3dacbfb/60259af75f9b2812764c3f1d/Lux_Skin04.jpg'),(115,33,'幻石碎片 墨菲特',1,'https://images.contentstack.io/v3/assets/blt370612131b6e0756/blt1c043e51620c5005/5f7f7a13cb46430ef864dcbe/malphite_skin01.jpg'),(116,33,'冰河時代 墨菲特',0,'https://images.contentstack.io/v3/assets/blt370612131b6e0756/blt924acaa54b5d82a4/5f7f7a15b0ebb60f03a11607/malphite_skin02.jpg'),(117,33,'大船頭 墨菲特',0,'https://images.contentstack.io/v3/assets/blt370612131b6e0756/blt1ec5984d44d94335/5f7f7a167f76200f1733c2fa/malphite_skin03.jpg'),(118,34,'無極劍聖 易大師',1,'https://images.contentstack.io/v3/assets/blt370612131b6e0756/blta254a00cd93b60c1/5f7f7a35c1be730f80a84bd6/masteryi_skin01.jpg'),(119,34,'復仇刺客 易大師',0,'https://images.contentstack.io/v3/assets/blt370612131b6e0756/blt554d2dd54691de18/5f7f7a37472a560f4335f4f0/masteryi_skin02.jpg'),(120,34,'劍仙：辟邪 易大師',0,'https://images.contentstack.io/v3/assets/blt370612131b6e0756/bltaf2d971268612b5a/5f7f7a388ebedd0f2d2c32ef/masteryi_skin03.jpg'),(121,34,'聖誕雪人 易大師',0,'https://images.contentstack.io/v3/assets/blt370612131b6e0756/blta6dfa814c1b5cb0c/60249842f4a7946af03382fd/MasterYi_Skin04.jpg'),(122,35,'賞金獵人 好運姐',1,'https://images.contentstack.io/v3/assets/blt370612131b6e0756/blt4726f6d9b0b9a06c/5f7f7a5350868d0ef21209d2/missfortune_skin01.jpg'),(123,35,'雙槍牛仔 好運姐',0,'https://images.contentstack.io/v3/assets/blt370612131b6e0756/blt41666cd5f99043c5/5f7f7a5490a4e40f544d7139/missfortune_skin02.jpg'),(124,35,'海賊船長 好運姐',0,'https://images.contentstack.io/v3/assets/blt370612131b6e0756/bltcad68d98ea1d5f4e/5f7f7a556953080f2f223699/missfortune_skin03.jpg'),(125,35,'電玩女神 好運姐',0,'https://images.contentstack.io/v3/assets/blt370612131b6e0756/blt5690c4a7e731c2d1/60249cb74b8030688c37d377/MissFortune_Skin04.jpg'),(126,35,'金牛使者 好運姐',0,'https://images.contentstack.io/v3/assets/blt370612131b6e0756/blt130e9a9de351a661/6025b8d71c9f7c183961a251/MissFortune_Skin05.jpg'),(127,36,'海潮之音 娜米',1,'https://images.contentstack.io/v3/assets/blt370612131b6e0756/blt6107ce5231820af2/5f7f7a6cbe9b6d0f296355b3/nami_skin01.jpg'),(128,36,'阿福之音 娜米',0,'https://images.contentstack.io/v3/assets/blt370612131b6e0756/blt049228ad0ee9397c/5f7f7a6d31b2350f1e670532/nami_skin02.jpg'),(129,36,'幻海魅音 娜米',0,'https://images.contentstack.io/v3/assets/blt370612131b6e0756/blt1186411103fcc9ff/5f7f7a6fecb90f0f22474f0d/nami_skin03.jpg'),(130,37,'沙漠死神 納瑟斯',1,'https://images.contentstack.io/v3/assets/blt370612131b6e0756/bltf9b73a5a0303c6c7/5f7f7a8531b2350f1e67053a/nasus_skin01.jpg'),(131,37,'文明末日 納瑟斯',0,'https://images.contentstack.io/v3/assets/blt370612131b6e0756/blta4e2bb06a88cf1fc/5f7f7a86941cfd0f0e58a0db/nasus_skin02.jpg'),(132,37,'大公爵 納瑟斯',0,'https://images.contentstack.io/v3/assets/blt370612131b6e0756/bltec2f4672213c161d/5f7f7a87fcce2d0edc77b497/nasus_skin03.jpg'),(133,38,'狂戰士 歐拉夫',1,'https://images.contentstack.io/v3/assets/blt370612131b6e0756/blt3be7e0d6834d5eb7/5f7f7aa250868d0ef21209e4/olaf_skin01.jpg'),(134,38,'哥拉夫',0,'https://images.contentstack.io/v3/assets/blt370612131b6e0756/blt859c0dc817060054/5f7f7aa3b5b2ab0fa1dd2851/olaf_skin02.jpg'),(135,38,'搖滾鼓手 歐拉夫',0,'https://images.contentstack.io/v3/assets/blt370612131b6e0756/blt33eb46c4450155b6/5f7f7aa4791dbc0f80a3ce13/olaf_skin03.jpg'),(136,39,'發條少女 奧莉安娜',1,'https://images.contentstack.io/v3/assets/blt370612131b6e0756/blt6e9169dc94080900/5f7f7abc791dbc0f80a3ce1d/orianna_skin01.jpg'),(137,39,'幽冥煞星 奧莉安娜',0,'https://images.contentstack.io/v3/assets/blt370612131b6e0756/blt3ef1bc864b6a52d3/5f7f7abe2579810f2f6bd9da/orianna_skin02.jpg'),(138,39,'哥特魔偶 奧莉安娜',0,'https://images.contentstack.io/v3/assets/blt370612131b6e0756/bltf5a6800d58225ad9/5f7f7abfecb90f0f22474f17/orianna_skin03.jpg'),(139,39,'普羅雪精靈 奧莉安娜',0,'https://images.contentstack.io/v3/assets/blt370612131b6e0756/blt910b75ccb59a5023/602498ee29a02c49ba1f6986/Orianna_Skin04.jpg'),(140,40,'惑羽 銳空',1,'https://images.contentstack.io/v3/assets/blt370612131b6e0756/blt06a49c746250d1c2/602430ff3e70bb4c12c717ea/Rakan_Skin01.jpg'),(141,40,'星河黎羽 銳空',0,'https://images.contentstack.io/v3/assets/blt370612131b6e0756/blt8898dfba486f7b38/602431125f9b2812764c37f7/Rakan_Skin03.jpg'),(142,40,'比翼甜心 銳空',0,'https://images.contentstack.io/v3/assets/blt370612131b6e0756/blta53f1193c8f696ef/6024310829a02c49ba1f67a9/Rakan_Skin02.jpg'),(143,41,'燦眸歌姬 瑟菈紛',1,'https://images.contentstack.io/v3/assets/blt370612131b6e0756/blt9875b21d4494d782/5f9b3f1b00a9b22e3cf15791/seraphine_skin01.jpg'),(144,41,'K/DA ALL OUT 瑟菈紛',0,'https://images.contentstack.io/v3/assets/blt370612131b6e0756/blt0e70bf5771a2606c/5f9b3f1c741dae0b0ffdbbb6/seraphine_skin02.jpg'),(145,42,'半龍少女 希瓦娜',1,'https://images.contentstack.io/v3/assets/blt370612131b6e0756/blt317bd8b1f1a6f444/5f7f7ad71de0210f38ba4649/shyvana_skin01.jpg'),(146,42,'霜翼冰龍 希瓦娜',0,'https://images.contentstack.io/v3/assets/blt370612131b6e0756/blt7bb97927ca4b3164/5f7f7ad70108fe0f08577fd3/shyvana_skin02.jpg'),(147,42,'煉獄黑火 希瓦娜',0,'https://images.contentstack.io/v3/assets/blt370612131b6e0756/blt6cef31c10b322c6f/5f7f7ad80687250f6aedc2d9/shyvana_skin03.jpg'),(148,43,'瘋狂煉金師 辛吉德',1,'https://images.contentstack.io/v3/assets/blt370612131b6e0756/bltd1d9a1b401d01d75/5f7f7af5472a560f4335f50a/singed_skin01.jpg'),(149,43,'衝浪高手 辛吉德',0,'https://images.contentstack.io/v3/assets/blt370612131b6e0756/blt68dcbf462f404e13/5f7f7af6fd54990ef1b757ff/singed_skin02.jpg'),(150,43,'劇毒機甲 辛吉德',0,'https://images.contentstack.io/v3/assets/blt370612131b6e0756/bltfe904613e2771bd2/5f7f7af8cb46430ef864dce0/singed_skin03.jpg'),(151,44,'琴仙 索娜',1,'https://images.contentstack.io/v3/assets/blt370612131b6e0756/blt3eb1f7494f309da0/5f7f7b101de0210f38ba464f/sona_skin01.jpg'),(152,44,'搖滾鍵盤手 索娜',0,'https://images.contentstack.io/v3/assets/blt370612131b6e0756/blt5ae35a9fd57374a3/5f7f7b116953080f2f2236b7/sona_skin02.jpg'),(153,44,'繆斯女神 索娜',0,'https://images.contentstack.io/v3/assets/blt370612131b6e0756/blt0e7f3e1394257de8/5f7f7b12b5b2ab0fa1dd285b/sona_skin03.jpg'),(154,44,'甜心琴人 索娜',0,'https://images.contentstack.io/v3/assets/blt370612131b6e0756/blt523523764e5afab3/6038238c259b2810197dc4fd/Sona_Skin04.jpg'),(155,45,'眾星之子 索拉卡',1,'https://images.contentstack.io/v3/assets/blt370612131b6e0756/bltda775690a225d1dd/5f7f7b2cfcce2d0edc77b4b3/soraka_skin01.jpg'),(156,45,'絕代香蕉 索拉卡',0,'https://images.contentstack.io/v3/assets/blt370612131b6e0756/blt49e1460b7e5ffce1/5f7f7b2d8becd30f135cbba3/soraka_skin02.jpg'),(157,45,'人工智慧 索拉卡',0,'https://images.contentstack.io/v3/assets/blt370612131b6e0756/blt0ca921f23d6959c0/5f7f7b2eefdbc80efd070939/soraka_skin03.jpg'),(158,45,'凜冬奇蹟 索拉卡',0,'https://images.contentstack.io/v3/assets/blt370612131b6e0756/bltd38714ba3f3c56cd/60249a7bf4a7946af0338309/Soraka_Skin04.jpg'),(159,46,'約德爾炮手 崔絲塔娜',1,'https://images.contentstack.io/v3/assets/blt370612131b6e0756/blt70b6565479f58cf0/60109b5a0839e910126d76e7/Tristana_Skin01.jpg'),(160,46,'第一滴血 崔絲塔娜',0,'https://images.contentstack.io/v3/assets/blt370612131b6e0756/blt2e1bfc5fac6b52be/60109b5a5ad9610f6cb78fad/Tristana_Skin02.jpg'),(161,46,'小小惡魔 崔絲塔娜',0,'https://images.contentstack.io/v3/assets/blt370612131b6e0756/blt7fecc4ea9704ba83/60109b5a7957730fa57aaf58/Tristana_Skin03.jpg'),(162,46,'戰爭機器 崔絲塔娜',0,'https://images.contentstack.io/v3/assets/blt370612131b6e0756/blt2acea7997c0f8ed4/6038238c11a708101ad34cd6/Tristana_Skin04.jpg'),(163,47,'迅捷斥候 提摩',1,'https://images.contentstack.io/v3/assets/blt370612131b6e0756/blt50837d6fac883c81/60107b5c0839e910126d7603/Teemo_Skin01.jpg'),(164,47,'復活兔 提摩',0,'https://images.contentstack.io/v3/assets/blt370612131b6e0756/bltb42931213d79904a/60107b5c4485e50f8f20b34e/Teemo_Skin02.jpg'),(165,47,'萬聖小惡摩',0,'https://images.contentstack.io/v3/assets/blt370612131b6e0756/blt4486f5d96e81d5e0/60107b5e94a1800f61b508a6/Teemo_Skin03.jpg'),(166,47,'燒肉粽啊～燒肉粽～ 提摩',0,'https://images.contentstack.io/v3/assets/blt370612131b6e0756/blt3fd55053a058368b/6038238b72c04c12c9564551/Teemo_Skin04.jpg'),(167,47,'戰爭機器 提摩',0,'https://images.contentstack.io/v3/assets/blt370612131b6e0756/blta4dded8abe46001b/6038238cce4a0d12c3ec2511/Teemo_Skin05.jpg'),(168,48,'蠻族之王 泰達米爾',1,'https://images.contentstack.io/v3/assets/blt370612131b6e0756/blt75e10992e42c2fdd/5f7f7b478ebedd0f2d2c3311/tryndamere_skin01.jpg'),(169,48,'魔劍蠻王 泰達米爾',0,'https://images.contentstack.io/v3/assets/blt370612131b6e0756/bltc9b13e7a198c7d82/5f7f7b49ff65030f24b7298b/tryndamere_skin02.jpg'),(170,48,'冰原王者 泰達米爾',0,'https://images.contentstack.io/v3/assets/blt370612131b6e0756/blt7121ea3b15cc46a5/5f7f7b4becb90f0f22474f29/tryndamere_skin03.jpg'),(171,48,'榮耀蠻王 泰達米爾',0,'https://images.contentstack.io/v3/assets/blt370612131b6e0756/bltf88f4b4b2b0e8a37/602595f1db520b688d828ccc/Tryndamere_Skin04.jpg'),(172,48,'武聖關雲長 泰達米爾',0,'https://images.contentstack.io/v3/assets/blt370612131b6e0756/bltc53625a9bf53f06c/6038238c7737ce7794e65eb2/Tryndamere_Skin05.jpg'),(173,49,'卡牌大師 逆命',1,'https://images.contentstack.io/v3/assets/blt370612131b6e0756/blt32fe63c6af1102a4/5f7f7b62b5b2ab0fa1dd2871/twistedfate_skin01.jpg'),(174,49,'脈衝火焰 逆命',0,'https://images.contentstack.io/v3/assets/blt370612131b6e0756/blt6df14a9943fe07f8/5f7f7b64472a560f4335f526/twistedfate_skin02.jpg'),(175,49,'探戈靈魂 逆命',0,'https://images.contentstack.io/v3/assets/blt370612131b6e0756/blt52b88b54c3669611/5f7f7b640687250f6aedc2e9/twistedfate_skin03.jpg'),(176,49,'黑街竊賊 逆命',0,'https://images.contentstack.io/v3/assets/blt370612131b6e0756/blt16e69aa6c1fe70e4/6038238c0efbd9779b028204/TwistedFate_Skin04.jpg'),(177,50,'懲戒之箭 法洛士',1,'https://images.contentstack.io/v3/assets/blt370612131b6e0756/blt46457b6f9c979dc6/5f7f7b7fa85bbe0f755da4e3/varus_skin01.jpg'),(178,50,'雪嶺突襲 法洛士',0,'https://images.contentstack.io/v3/assets/blt370612131b6e0756/blt441a99d03d794b68/5f7f7b82e4d8ad0f2d4a5d68/varus_skin02.jpg'),(179,50,'迅捷獵人 法洛士',0,'https://images.contentstack.io/v3/assets/blt370612131b6e0756/blt13c99c7251d6ff4b/5f7f7b827e60370f7531854f/varus_skin03.jpg'),(180,50,'弧光獵人 法洛士',0,'https://images.contentstack.io/v3/assets/blt370612131b6e0756/blt99a234eedbc21bf7/60259644f4a7946af03387de/Varus_Skin04.jpg'),(181,51,'暗夜獵人 汎',1,'https://images.contentstack.io/v3/assets/blt370612131b6e0756/blte541dd89d2559088/5f7f7b9de75e0f0f194a7164/vayne_skin01.jpg'),(182,51,'弧光獵人 汎',0,'https://images.contentstack.io/v3/assets/blt370612131b6e0756/bltcb9e8f6ca32393ec/5f7f7b9fbea0360f96bae97c/vayne_skin02.jpg'),(183,51,'弒龍獵人 汎',0,'https://images.contentstack.io/v3/assets/blt370612131b6e0756/bltc45abcbe5f64e8a3/5f7f7ba08ebedd0f2d2c3323/vayne_skin03.jpg'),(184,51,'愛情獵人 汎',0,'https://images.contentstack.io/v3/assets/blt370612131b6e0756/bltcf42a003ca6b80ed/6038238c427f5d75042c4208/Vayne_Skin04.jpg'),(185,52,'鐵腕特警 菲艾',1,'https://images.contentstack.io/v3/assets/blt370612131b6e0756/bltda262884c7556e43/5f7f7bb7d955bf0f0e567103/vi_skin01.jpg'),(186,52,'地獄特警 菲艾',0,'https://images.contentstack.io/v3/assets/blt370612131b6e0756/blt3e002fc9eb41cce8/5f7f7bb8235f470f493719b6/vi_skin02.jpg'),(187,52,'決勝賭豪 菲艾',0,'https://images.contentstack.io/v3/assets/blt370612131b6e0756/blte47499d99ad79419/5f7f7bbbd0efe10f4e2d4556/vi_skin03.jpg'),(188,53,'逆羽 剎雅',1,'https://images.contentstack.io/v3/assets/blt370612131b6e0756/blt1287f92d7383eab9/6024ec3a3e70bb4c12c71ac6/Xayah_Skin01_Splash.jpg'),(189,53,'比翼甜心 剎雅',0,'https://images.contentstack.io/v3/assets/blt370612131b6e0756/blt8b11aa43631cb4e4/6024ec3b0f1c0c1aa6f8a72d/Xayah_Skin03_Splash.jpg'),(190,53,'星河黎羽 剎雅',0,'https://images.contentstack.io/v3/assets/blt370612131b6e0756/blt6d8a9e23a514cd1f/6024ec3b1c9f7c1839619d9b/Xayah_Skin02_Splash.jpg'),(191,54,'蒂瑪西亞總管 趙信',1,'https://images.contentstack.io/v3/assets/blt370612131b6e0756/blt6e3e15822b2a1639/5f7f7be8e91fb80ef8022d01/xinzhao_skin01.jpg'),(192,54,'金牌特工 趙信',0,'https://images.contentstack.io/v3/assets/blt370612131b6e0756/blt6f49ea184e3716d2/5f7f7bea50868d0ef2120a1a/xinzhao_skin02.jpg'),(193,54,'弒龍鬥士 趙信',0,'https://images.contentstack.io/v3/assets/blt370612131b6e0756/bltbb67cbd3c0d261ca/5f7f7bebefdbc80efd070949/xinzhao_skin03.jpg'),(194,54,'常山趙子龍 趙信',0,'https://images.contentstack.io/v3/assets/blt370612131b6e0756/blt975534b9c3d51768/6038238c1f3c9a3b23d6dc43/XinZhao_Skin04.jpg'),(195,55,'放逐浪人 犽宿',1,'https://images.contentstack.io/v3/assets/blt370612131b6e0756/blt961962171f5e8747/5f7f7c078ebedd0f2d2c332d/yasuo_skin01.jpg'),(196,55,'西域牛仔 犽宿',0,'https://images.contentstack.io/v3/assets/blt370612131b6e0756/blt6053a9bda64c310d/5f7f7c091de0210f38ba4677/yasuo_skin02.jpg'),(197,55,'戰鬥魔王 犽宿',0,'https://images.contentstack.io/v3/assets/blt370612131b6e0756/blt87b309213dcb95e0/5f7f7c0a2b9e620efd8744da/yasuo_skin03.jpg'),(198,56,'影忍至尊 劫',1,'https://images.contentstack.io/v3/assets/blt370612131b6e0756/bltb766b6f6f52be1b4/5f7f7c28e48f650f03b4be5a/zed_skin01.jpg'),(199,56,'衝擊利刃 劫',0,'https://images.contentstack.io/v3/assets/blt370612131b6e0756/blt946f359d51057ff6/5f7f7c2ae4d8ad0f2d4a5d82/zed_skin02.jpg'),(200,56,'死誓 劫',0,'https://images.contentstack.io/v3/assets/blt370612131b6e0756/blt54f95c923c54a4f7/5f7f7c2bb0ebb60f03a1163b/zed_skin03.jpg'),(201,57,'魔法爆破專家 希格斯',1,'https://images.contentstack.io/v3/assets/blt370612131b6e0756/blt0cb1ea3e28c09216/5f7f7c4f472a560f4335f540/ziggs_skin01.jpg'),(202,57,'奧術大師 希格斯',0,'https://images.contentstack.io/v3/assets/blt370612131b6e0756/bltbb0acbfd06f6cee9/5f7f7c50efdbc80efd070953/ziggs_skin02.jpg'),(203,57,'瘋狂科學家 希格斯',0,'https://images.contentstack.io/v3/assets/blt370612131b6e0756/blt623b5df4be59420f/5f7f7c528becd30f135cbbc5/ziggs_skin03.jpg'),(204,58,'不祥之刃 卡特蓮娜',1,'https://images.contentstack.io/v3/assets/blt370612131b6e0756/blt7ff418ccd4d78231/6037ecc71f3c9a3b23d6db05/Katarina_Skin01.jpg'),(205,58,'死誓 卡特蓮娜',0,'https://images.contentstack.io/v3/assets/blt370612131b6e0756/bltae20b854a9378794/6037ecc699494e6c4f1670f3/Katarina_Skin02.jpg'),(206,58,'海賊魅影 卡特蓮娜',0,'https://images.contentstack.io/v3/assets/blt370612131b6e0756/bltbfdadce5eea8d77d/6037ecc74a75a66ee9226635/Katarina_Skin03.jpg');
/*!40000 ALTER TABLE `clothes` ENABLE KEYS */;
UNLOCK TABLES;

--
-- Table structure for table `equipments`
--

DROP TABLE IF EXISTS `equipments`;
/*!40101 SET @saved_cs_client     = @@character_set_client */;
/*!50503 SET character_set_client = utf8mb4 */;
CREATE TABLE `equipments` (
  `eid` int NOT NULL,
  `ename` varchar(45) NOT NULL COMMENT '裝備名稱',
  `e_type` varchar(45) NOT NULL COMMENT '裝備種類',
  `e_desc` varchar(1024) DEFAULT NULL COMMENT '裝備描述',
  `e_img` varchar(256) DEFAULT NULL COMMENT '裝備照片連結\n',
  PRIMARY KEY (`eid`)
) ENGINE=InnoDB DEFAULT CHARSET=utf8 COMMENT='裝備總覽';
/*!40101 SET character_set_client = @saved_cs_client */;

--
-- Dumping data for table `equipments`
--

LOCK TABLES `equipments` WRITE;
/*!40000 ALTER TABLE `equipments` DISABLE KEYS */;
INSERT INTO `equipments` VALUES (1,'長劍','物理','<font color=\"green\">+12物理攻擊</font>/','https://lolwildriftbuild.com/wp-content/uploads/2020/10/Long_Sword.jpg'),(2,'短劍','物理','<font color=\"green\">+15%攻擊速度</font>/','https://lolwildriftbuild.com/wp-content/uploads/2020/10/Dagger.jpg'),(3,'格鬥手套','物理','<font color=\"green\">+10%暴擊機率</font>/','https://lolwildriftbuild.com/wp-content/uploads/2020/10/Brawler_sGloves.jpg'),(4,'藍水晶','魔法','<font color=\"green\">+100最大魔力<br>+5技能加速</font>/<b>魔力補充：</b>每次消耗魔力時，增加<font color=\"blue\">5</font>最大魔力值。增加上限為<font color=\"blue\">250</font>。每12秒最多出發3次能力。一次只能裝備一個女神之淚道具。','https://lolwildriftbuild.com/wp-content/uploads/2020/10/SapphireCrystal.jpg'),(5,'增幅典籍','魔法','<font color=\"green\">+25魔法攻擊</font>/','https://lolwildriftbuild.com/wp-content/uploads/2020/10/AmplifyingTome.jpg'),(6,'紅水晶','防禦','<font color=\"green\">+150生命</font>/','https://lolwildriftbuild.com/wp-content/uploads/2020/10/RubyCrystal.jpg'),(7,'布甲','防禦','<font color=\"green\">+20物理防禦</font>/','https://lolwildriftbuild.com/wp-content/uploads/2020/10/Cloth-Armor.jpg'),(8,'抗魔斗篷','防禦','<font color=\"green\">+20魔法防禦</font>/','https://lolwildriftbuild.com/wp-content/uploads/2020/10/Null-Magic-Mantle.jpg'),(9,'速度之靴','鞋子','<font color=\"green\">+20移動速度</font>/<b>衝刺(主動)：</b>在3秒內增加<b>15%跑速</b>。對英雄造成傷害，或遭到其他英雄傷害，都會中斷衝刺。<br>(冷卻時間為60秒)','https://lolwildriftbuild.com/wp-content/uploads/2020/10/Boots-Wild-Rift-New.png'),(10,'吸血鬼權杖','物理','<font color=\"green\">+20物理攻擊<br>+10%物理吸血</font>/','https://lolwildriftbuild.com/wp-content/uploads/2020/10/Vampiric_Scepter.jpg'),(11,'狂熱雙刀','物理','<font color=\"green\">+10%暴擊機率<br>+15%攻擊速度</font>/<b>狂熱：+5%跑速</b>。','https://lolwildriftbuild.com/wp-content/uploads/2020/10/Zeal.jpg'),(12,'科技碎片','物理','<font color=\"green\">+20%攻擊速度</font>/<b>充能:</b>移動與普攻可疊加能量。疊滿十下一次普攻會造成<font color=\"blue\">50額外魔法傷害</font>，並將觸發所有<font color=\"pink\">充能</font>效果。','https://lolwildriftbuild.com/wp-content/uploads/2020/10/Kircheis_Shard.jpg'),(13,'新殘暴者','物理','<font color=\"green\">+20物理攻擊</font>/<b>銳利：</b><font color=\"red\">+10物理穿透</font>','https://lolwildriftbuild.com/wp-content/uploads/2020/10/Serrated_Dirk.jpg'),(14,'反曲弓','物理','<font color=\"green\">+30攻擊速度</font>/','https://lolwildriftbuild.com/wp-content/uploads/2020/10/Recurve_Bow.jpg'),(15,'暴風之劍','物理','<font color=\"green\">+40物理攻擊</font>/','https://lolwildriftbuild.com/wp-content/uploads/2020/10/BF_sword.jpg'),(16,'靈巧披風','物理','<font color=\"green\">+20%暴擊機率</font>/','https://lolwildriftbuild.com/wp-content/uploads/2020/10/Cloak_of_Agility.jpg'),(17,'最後耳語','物理','<font color=\"green\">+15物理攻擊</font>/<b>最後耳語：</b><font color=\"red\">+15%物理穿透</font>','https://lolwildriftbuild.com/wp-content/uploads/2020/10/Last_Whisper.jpg'),(18,'死刑宣告','物理','<font color=\"green\">+20物理攻擊</font>/<b>死刑宣告：</b><font color=\"orange\">物理傷害</font>將對敵方英雄附加<font color=\"pink\">重創</font>效果，持續3秒。','https://lolwildriftbuild.com/wp-content/uploads/2020/10/Executioner_sCalling.jpg'),(19,'淨蝕之槌','物理','<font color=\"green\">+175最大生命<br>+20物理攻擊</font>/<b>暴虐：</b>普攻可增加<b>20跑速</b>，擊殺則可增加<b>60跑速</b>，持續2秒。此增益效果無法疊加。若為遠程英雄則效果減半。','https://lolwildriftbuild.com/wp-content/uploads/2020/10/Phage.jpg'),(20,'刺針劍','物理','<font color=\"green\">+30%攻擊速度<br>+10技能加速</font>/','https://lolwildriftbuild.com/wp-content/uploads/2020/10/Stinger.jpg'),(21,'考菲爾德的戰槌','物理','<font color=\"green\">+25物理攻擊<br>+10技能加速</font>/','https://lolwildriftbuild.com/wp-content/uploads/2020/10/Caulfield_sWarhammer.jpg'),(22,'女神之淚','魔法','<font color=\"green\">+300最大魔力<br>+10技能加速</font>/<b>威嚇：</b>返還10%所消耗的魔力。<br><b>魔力補充：</b>每次消耗魔力時，增加<font color=\"blue\">7</font>最大魔力值。增加上限為<font color=\"blue\">700</font>。每12秒最多觸發3次能力。一次只能裝備一個女神之淚。','https://lolwildriftbuild.com/wp-content/uploads/2020/10/Tear_of_the_Goddess.jpg'),(23,'蒼穹神火','魔法','<font color=\"green\">+35魔法攻擊</font>/<b>+5%跑速。</b>','https://lolwildriftbuild.com/wp-content/uploads/2020/10/Aether_Wisp.jpg'),(24,'失落之章','魔法','<font color=\"green\">+30魔法攻擊<br>+150最大魔力</font>/<b>智慧：+10技能加速。</b>','https://lolwildriftbuild.com/wp-content/uploads/2020/10/Lost_Chapter.jpg'),(25,'惡魔法典','魔法','<font color=\"green\">+35魔法攻擊<br><b>+10%技能加速</b></font>/','https://lolwildriftbuild.com/wp-content/uploads/2020/10/Fiendish_Codex.jpg'),(26,'爆裂魔杖','魔法','<font color=\"green\">+45魔法攻擊</font>/','https://lolwildriftbuild.com/wp-content/uploads/2020/10/Blasting_Wand.jpg'),(27,'巨型魔棒','魔法','<font color=\"green\">+65魔法攻擊</font>/','https://lolwildriftbuild.com/wp-content/uploads/2020/10/Needlessly_Large_Rod.jpg'),(28,'幽魂面具','魔法','<font color=\"green\">+200最大生命<br>+25魔法攻擊</font>/<b>狂亂：</b>進入與敵方英雄的戰鬥後，每秒提升2%傷害，5秒後會達到10%上限。','https://lolwildriftbuild.com/wp-content/uploads/2020/10/Haunting_Guise.jpg'),(29,'閃耀劍','魔法','<font color=\"green\">+10技能加速</font>/<b>魔法彎刀：</b>施放技能後，10秒內的下一次普攻將造成額外<font color=\"orange\">物理傷害</font>，傷害值相當於<font color=\"orange\">100%基礎物理攻擊</font>。(冷卻時間1.5秒)若目標為建族物，則傷害會降低。','https://lolwildriftbuild.com/wp-content/uploads/2020/10/Sheen.jpg'),(30,'海克斯科技左輪','魔法','<font color=\"green\">+40魔法攻擊</font>/<b>海克斯科技魔箭：</b>使用普攻或技能命中敵方英雄時引發震擊，造成<font color=\"blue\">75魔法傷害</font>。(冷卻時間30秒)','https://lolwildriftbuild.com/wp-content/uploads/2020/10/Hextech_Revolver.jpg'),(31,'遺忘寶珠','魔法','<font color=\"green\">+125最大生命<br>+25魔法攻擊</font>/<b>死亡之觸：</b><font color=\"purple\">+15魔法穿透。</font>','https://lolwildriftbuild.com/wp-content/uploads/2020/10/Oblivion_Orb.jpg'),(32,'虛空水晶','魔法','<font color=\"green\">+25魔法攻擊</font>/<b>解離：</b><font color=\"purple\">+20%魔法穿透。</font>','https://lolwildriftbuild.com/wp-content/uploads/2020/10/Void_Amethyst.jpg'),(33,'巴米灰燼','防禦','<font color=\"green\">+250最大生命</font>/<b>獻祭：</b>每秒對附近敵人造成<font color=\"blue\">5~20魔法傷害</font>。對士兵造成50%額外傷害。',NULL),(34,'亡靈斗篷','防禦','<font color=\"green\">+175最大生命<br>+20魔法防禦</font>/<b>幽魂來訪：</b>受到敵方英雄傷害後，獲得<font color=\"green\">150%生命回復</font>，持續10秒。',NULL),(35,'燃燒寶石','防禦','<font color=\"green\">+175最大生命<br>+10技能加速</font>/',NULL),(36,'巨人腰帶','防禦','<font color=\"green\">+300最大生命</font>/',NULL),(37,'守望者鎧甲','防禦','<font color=\"green\">+35物理防禦</font>/<b>冷鋼：</b>遭受攻擊時，降低攻擊者<font color=\"yellow\">15%攻速</font>，持續1.5秒。',NULL),(38,'催化魔方','防禦','<font color=\"green\">+200最大生命<br>+300最大魔力</font>/<b>永續：</b>受到敵方英雄傷害後，回復相當於<font color=\"blue\">15%</font>該傷害量的<font color=\"blue\">魔力</font>。消耗魔力後，回復相當於<font color=\"blue\">20%</font>魔力耗損的<font color=\"green\">生命</font>。每次施放技能的回覆上限為<font color=\"green\">15生命</font>。',NULL),(39,'鎖子甲','防禦','<font color=\"green\">+40物理防禦</font>/',NULL),(40,'刺藤胸甲','防禦','<font color=\"green\">+30物理防禦</font>/<b>刺甲：</b>被普攻命中時，對攻擊者反彈<font color=\"blue\">3魔法傷害</font>+<font color=\"yellow\">額外10%防禦</font>，同時施加<font color=\"yellow\">重創</font>效果，持續3秒。',NULL),(41,'約瑞姆之拳','防禦','<font color=\"green\">+200最大生命<br>+15物理攻擊</font>/',NULL),(42,'吸魔劍','防禦','<font color=\"green\">+15物理攻擊<br>+30魔法防禦</font>/<b>命脈：</b>若承受的<font color=\"blue\">魔法傷害</font>使你低於<font color=\"green\">35%生命</font>，將賦予自身一個可以<font color=\"green\">吸收150</font><font color=\"blue\">魔法傷害</font>的護盾，持續5秒。(冷卻時間90秒)',NULL),(43,'飛翼月甲','防禦','<font color=\"green\">+150最大生命</font>/<b>飛行：+5%跑速。</b>',NULL),(44,'負極斗篷','防禦','<font color=\"green\">+40魔法防禦</font>/',NULL),(45,'冰川護甲','防禦','<font color=\"green\">+40物理防禦<br>+150最大魔力<br>+10技能加速</font>/','https://lolwildriftbuild.com/wp-content/uploads/2020/10/GlacialShroud.jpg'),(46,'貪婪護脛','鞋子',NULL,NULL),(47,'輕靈之靴','鞋子',NULL,NULL);
/*!40000 ALTER TABLE `equipments` ENABLE KEYS */;
UNLOCK TABLES;

--
-- Table structure for table `equipments_branch`
--

DROP TABLE IF EXISTS `equipments_branch`;
/*!40101 SET @saved_cs_client     = @@character_set_client */;
/*!50503 SET character_set_client = utf8mb4 */;
CREATE TABLE `equipments_branch` (
  `eb_id` int NOT NULL,
  `bid` int NOT NULL,
  `eid` int NOT NULL,
  PRIMARY KEY (`eb_id`),
  KEY `fkbid_idx` (`eid`),
  CONSTRAINT `fkbid` FOREIGN KEY (`eid`) REFERENCES `equipments` (`eid`),
  CONSTRAINT `fkeid_branch` FOREIGN KEY (`eid`) REFERENCES `equipments` (`eid`)
) ENGINE=InnoDB DEFAULT CHARSET=utf8mb4 COLLATE=utf8mb4_0900_ai_ci;
/*!40101 SET character_set_client = @saved_cs_client */;

--
-- Dumping data for table `equipments_branch`
--

LOCK TABLES `equipments_branch` WRITE;
/*!40000 ALTER TABLE `equipments_branch` DISABLE KEYS */;
INSERT INTO `equipments_branch` VALUES (1,10,1),(2,10,2),(3,10,3);
/*!40000 ALTER TABLE `equipments_branch` ENABLE KEYS */;
UNLOCK TABLES;

--
-- Table structure for table `runes`
--

DROP TABLE IF EXISTS `runes`;
/*!40101 SET @saved_cs_client     = @@character_set_client */;
/*!50503 SET character_set_client = utf8mb4 */;
CREATE TABLE `runes` (
  `rid` int NOT NULL,
  `rname` varchar(45) NOT NULL COMMENT '符文名稱',
  `r_type` int NOT NULL COMMENT '符文種類=>1:關鍵 / 2:征服 / 3:意志 / 4:啟示',
  `r_desc` varchar(1024) DEFAULT NULL COMMENT '符文描述',
  `r_img` varchar(256) DEFAULT NULL COMMENT '符文照片連結',
  PRIMARY KEY (`rid`)
) ENGINE=InnoDB DEFAULT CHARSET=utf8 COMMENT='符文';
/*!40101 SET character_set_client = @saved_cs_client */;

--
-- Dumping data for table `runes`
--

LOCK TABLES `runes` WRITE;
/*!40000 ALTER TABLE `runes` DISABLE KEYS */;
INSERT INTO `runes` VALUES (1,'死亡電刑',1,'<font color=\"#e0ce2b\">爆發傷害</font><br>/<b>於3秒內使用3次普攻或技能命中一名敵方英雄時，將造成額外適性傷害。</b><br>傷害值：<b>30~184(隨等級提升)</b>+<font color=\"orange\">40%額外AD</font>+<font color=\"blue\">25%AP的適性傷害</font><br>冷卻時間：<b>25秒</b>','https://lolwildriftbuild.com/wp-content/uploads/2020/10/electrocute_wild_rift.png'),(2,'艾莉',1,'<font color=\"#e0ce2b\">打帶跑、保護</font><br>/<b>普攻或技能會將艾莉送至木腰身上；目標為敵軍則造成傷害，為友軍護盾。</b><br>傷害：<b>10~60(隨等級上升)</b>+<font color=\"orange\">20%額外AD</font>+<font color=\"blue\">10%AP的傷害</font><br>護盾：<b>20~120(隨等級上升)</b>+<font color=\"orange\">40%額外AD</font>+<font color=\"blue\">20%AP的護盾</font><br>艾莉回到身邊後才可再次送至新的目標。','https://lolwildriftbuild.com/wp-content/uploads/2020/10/aery_wild_rift.png'),(3,'征服者',1,'<font color=\"#e0ce2b\">傷害疊加</font><br>/<b>使用獨立的普攻或技能命中一名英雄時，可疊加適性之力，最多可疊加5次，疊滿時度英雄造成額外的適性傷害。</b>每層：增加<font color=\"orange\">2~6額外物理傷害</font>或<font color=\"blue\">3~9魔法傷害</font>，<b>持續8秒</b><br>疊滿加成：近戰：10%。遠程：對英雄造成<b>7%</b>額外<font color=\"pink\">適性傷害</font>','https://lolwildriftbuild.com/wp-content/uploads/2020/10/conqueror_wild_rift.png'),(4,'瞬疾步法',1,'<font color=\"#e0ce2b\">機動性、治癒</font><br>/<b>移動、普攻、施放技能疊加能量，累積至100層時，下一次普攻會治癒自己並增加跑速。</b><br><font color=\"green\">治癒量</font>：<b>15~85(隨等級提升)</b>+<font color=\"orange\">額外30%AD</font>+<font color=\"blue\">30%AP</font><br><b>跑速</b>加成：<b>20%</b>，<b>持續1秒</b>。<br>若裝備在遠程英雄上，則普攻士兵時的治癒量改為<b>30%</b>。','https://lolwildriftbuild.com/wp-content/uploads/2020/10/fleetfootwork_wild_rift.png'),(5,'不死之握',1,'<font color=\"#e0ce2b\">坦克、治癒</font><br>/<b>戰鬥中每隔4秒，對英雄的下一次普功會根據自身最大生命值造成額外傷害。</b><br><font color=\"green\">治癒</font>：<font color=\"green\">治癒量為2%</font>自身最大生命<br>永久增加5最大生命<br>額外傷害：自身最大生命值的<font color=\"#4ebce7\">4%魔法傷害</font>若為遠距英雄，效果將減少<b>40%</b>','https://lolwildriftbuild.com/wp-content/uploads/2020/10/graspoftheundying_wild_rift.png'),(6,'裂地衝擊',1,'<font color=\"#e0ce2b\">控場、進攻</font><br>/<b>定身一名敵方英雄後可增加防禦，隨後在身後釋放衝擊波，對鄰近敵人造成魔法傷害。</b><br>防禦：<font color=\"#e0ce2b\">35物理防禦</font>+<font color=\"#e0ce2b\">額外60%物理防禦</font>以及<font color=\"#4ebce7\">35點魔法防禦+<font color=\"#4ebce7\">額外60%魔防</font>，持續2.5秒。<br>傷害：<b>12~110(隨等級提升)</b>+<font color=\"green\">3%最大生命</font>及<font color=\"#4ebce7\">魔法攻擊</font>','https://lolwildriftbuild.com/wp-content/uploads/2020/10/aftershock_wild_rift.pnghttps://lolwildriftbuild.com/wp-content/uploads/2020/10/aftershock_wild_rift.png'),(7,'生命之泉',1,'<font color=\"#e0ce2b\">團隊治療</font><br>/<b>對一名敵方英雄造成行動受限時，對其進行標記，友方英雄攻擊受被標記的敵人時，將依據最大生命獲得治癒</b><br><font color=\"green\">治癒量</font>：相當於<font color=\"green\">3%</font>你的最大<font color=\"green\">生命值</font>，回復需時<b>2秒</b>。<br>標記持續時間<b>4秒</b>','https://lolwildriftbuild.com/wp-content/uploads/2020/10/fontoflife_wild_rift.png'),(8,'竊盜高手',1,'<font color=\"#e0ce2b\">隨機增益</font><br>/<b>在施放技能後，使用普攻或技能命中時，可獲得隨機道具效果。</b><br>冷卻時間：<b>25秒</b>','https://lolwildriftbuild.com/wp-content/uploads/2020/10/kleptomancy_wild_rift.png'),(9,'兇蠻',2,'<font color=\"#e0ce2b\">物理/魔法攻擊、穿透</font><br>/增加<font color=\"orange\">7物理傷害</font>和<font color=\"#f88d5b\">2%物理穿透</font>，或<font color=\"blue\">14魔法傷害</font>及<font color=\"purple\">2%魔法穿透</font>。(<font color=\"#e798ff\">適性</font>)','https://lolwildriftbuild.com/wp-content/uploads/2020/10/brutal_wild_rift.png'),(10,'天寒地凍',2,'<font color=\"#e0ce2b\">增加物理/魔法攻擊</font><br>/每2分鐘獲得<font color=\"orange\">2物理傷害</font>或<font color=\"blue\">4魔法傷害</font>。(<font color=\"#e798ff\">適性</font>)','https://lolwildriftbuild.com/wp-content/uploads/2020/10/gatheringstorm_wild_rift.png'),(11,'嗜血獵人',2,'<font color=\"#e0ce2b\">物理/魔法攻擊、吸血</font><br>/獲得<font color=\"red\">2%物理吸血或<font color=\"pink\">2%魔法吸血</font>，擊殺或助攻獲得<font color=\"orange\">2物理傷害</font>+<font color=\"red\">1%物理吸血，或<font color=\"blue\">4魔法傷害</font>+<font color=\"pink\">1%魔法吸血</font>。(<font color=\"#e798ff\">適性</font>)(對同一英雄只會獲得1次)','https://lolwildriftbuild.com/wp-content/uploads/2020/10/huntervampirism_wild_rift.png'),(12,'凱旋',2,'<font color=\"#e0ce2b\">擊殺、治癒</font><br>/每次成功擊殺或助攻敵方英雄時，回復<font color=\"green\">10%以損失的生命值</font>。對低於<b>35%生命</b>的敵軍<b>造成3%額外傷害</b>。','https://lolwildriftbuild.com/wp-content/uploads/2020/10/triumph_wild_rift.png'),(13,'落井下石',2,'<font color=\"#e0ce2b\">控場、額外傷害</font><br>/每次成功擊殺或助攻敵方英雄時，回復<font color=\"green\">10%以損失的生命值</font>。對低於<b>35%生命</b>的敵軍<b>造成3%額外傷害</b>。對一名敵方英雄造成緩速或行動受限時標記對方5秒，受標記的目標受到的傷害提高5%','https://lolwildriftbuild.com/wp-content/uploads/2020/10/weakness_wild_rift.png'),(14,'英雄',2,'<font color=\"#e0ce2b\">高風險、高傷害</font><br>/對英雄造成<b>10%額外傷害</b>，每次自身陣亡將<b>減少5%效果</b>，直到完全扣除。','https://lolwildriftbuild.com/wp-content/uploads/2020/10/champion_wild_rift.png'),(15,'強健體魄',3,'<font color=\"#e0ce2b\">物理/魔法防禦</font><br>/增加<font color=\"#e0ce2b\">10物理防禦</font>或<font color=\"blue\">10魔法防禦</font>，取決於哪一個能力值較低。','https://lolwildriftbuild.com/wp-content/uploads/2020/10/backbone_wild_rift.png'),(16,'調節',3,'<font color=\"#e0ce2b\">中期增加物防/魔防</font><br>/對戰開始5分鐘後，增加<b>8額外<font color=\"#e0ce2b\">物理防禦</font>和<font color=\"blue\">魔法防禦</font>。','https://lolwildriftbuild.com/wp-content/uploads/2020/10/conditioning_wild_rift.png'),(17,'泰坦獵人',3,'<font color=\"#e0ce2b\">生命、韌性</font><br>/增加<font color=\"green\">20最大生命</font>。對每位敵方英雄的首次擊殺或助攻，將賦予自身<font color=\"green\">20最大生命</font>及<font color=\"purple\">4%韌性</font>。','https://lolwildriftbuild.com/wp-content/uploads/2020/10/huntertitan_wild_rift.png'),(18,'回復',3,'<font color=\"#e0ce2b\">回復生命/魔力</font><br>/每過3秒，將恢復<b>2%失去的</b><font color=\"green\">生命值</font>或<font color=\"blue\">魔力</font>，取決於何者的百分比低。','https://lolwildriftbuild.com/wp-content/uploads/2020/10/regeneration_wild_rift.png'),(19,'熱誠忠心',3,'<font color=\"#e0ce2b\">共同增加物防/魔防</font><br>/自身獲得<font color=\"#e0ce2b\">2物理防禦</font>與<font color=\"blue\">5魔法防禦</font>。最靠近的友方英雄獲得<font color=\"#e0ce2b\">5物理防禦</font>與<font color=\"#e0ce2b\">2魔法防禦</font>。','https://lolwildriftbuild.com/wp-content/uploads/2020/10/loyalty_wild_royalty.png'),(20,'神靈行者',3,'<font color=\"#e0ce2b\">生命值、緩速抗性</font><br>/增加<font color=\"green\">50最大生命</font>與<font color=\"pink\">20%緩速抗性</font>。','https://lolwildriftbuild.com/wp-content/uploads/2020/10/spiritwalker_wild_rft.png'),(21,'尋路者',4,'<font color=\"#e0ce2b\">移動</font><br>/脫離戰鬥時，在草叢、野區與河道中可增加<b>8%跑速</b>。','https://lolwildriftbuild.com/wp-content/uploads/2020/11/pathfinder_wild_rift.png'),(22,'首腦',4,'<font color=\"#e0ce2b\">目標物、金幣</font><br>/對史詩野怪及防禦塔造成<font color=\"#bbeeff\">10%額外的真實傷害</font>。每擊殺或助攻史詩級野怪/防禦塔，將獲得<font color=\"#e0ce2b\">100枚金幣</font>及<font color=\"pink\">500經驗值</font>。','https://lolwildriftbuild.com/wp-content/uploads/2020/11/mastermind_wild_rift.png'),(23,'靈巧獵人',4,'<font color=\"#e0ce2b\">冷卻時間減免</font><br>/獲得2.5%技能加速。對每位敵方英雄的首次擊殺或助攻，將賦予自身<b>2.5技能加速</b>。','https://lolwildriftbuild.com/wp-content/uploads/2020/11/huntergenius_wild_rift.png'),(24,'嗜甜如命',4,'<font color=\"#e0ce2b\">蜂蜜漿果、金幣</font><br>/食用<b>蜂蜜漿果</b>時的治癒效果提升<font color=\"green\">25%</font>，每個漿果還會給予<font color=\"#e0ce2b\">20枚金幣</font>。','https://lolwildriftbuild.com/wp-content/uploads/2020/11/sweettooth_wild_rift.png'),(25,'圍剿獵殺',4,'<font color=\"#e0ce2b\">移動、團隊經濟</font><br>/接近友方英雄時增加獲得<b>2%跑速</b>。你於美味有方英雄首次合立擊殺敵方英雄時，你會獲得<font color=\"#e0ce2b\">50枚金幣</font>，友方英雄也會獲得<font color=\"#e0ce2b\">50枚金幣</font>。','https://lolwildriftbuild.com/wp-content/uploads/2020/11/packhunter_wild_rift.png'),(26,'附魔之帶',4,'<font color=\"#e0ce2b\">魔力</font><br>/使用技能或<font color=\"green\">附帶增益效果</font>的普攻命中對方英雄時，使自身<font color=\"green\">最大魔力</font>永久增加<font color=\"green\">30</font>，最多提升<font color=\"green\">300</font>魔力。','https://lolwildriftbuild.com/wp-content/uploads/2020/11/manaflowband_wild_rift.png');
/*!40000 ALTER TABLE `runes` ENABLE KEYS */;
UNLOCK TABLES;

--
-- Table structure for table `skills`
--

DROP TABLE IF EXISTS `skills`;
/*!40101 SET @saved_cs_client     = @@character_set_client */;
/*!50503 SET character_set_client = utf8mb4 */;
CREATE TABLE `skills` (
  `sid` int NOT NULL COMMENT '總技能序',
  `cid` int NOT NULL COMMENT '英雄',
  `c_sid` int NOT NULL COMMENT '技能序(1, 2, 3, 4)\n5為被動',
  `sname` varchar(45) NOT NULL COMMENT '技能名稱',
  `s_desc` varchar(1024) DEFAULT NULL COMMENT '技能描述',
  `s_pr` int DEFAULT NULL COMMENT '技能_點選優先度(1>>2>>3>>4)',
  `s_img` varchar(256) DEFAULT NULL COMMENT '技能照片連結\n',
  PRIMARY KEY (`sid`),
  KEY `skill_belong_fk_idx` (`cid`),
  CONSTRAINT `skill_belong_fk` FOREIGN KEY (`cid`) REFERENCES `champions` (`cid`)
) ENGINE=InnoDB DEFAULT CHARSET=utf8 COMMENT='技能總覽';
/*!40101 SET character_set_client = @saved_cs_client */;

--
-- Dumping data for table `skills`
--

LOCK TABLES `skills` WRITE;
/*!40000 ALTER TABLE `skills` DISABLE KEYS */;
INSERT INTO `skills` VALUES (1,1,1,'幻玉','阿璃發射出並收回她的，擊出十造成魔法傷害，收回實則造成真實傷害。換玉',2,'https://images.contentstack.io/v3/assets/blt370612131b6e0756/bltd7da2e1226badf08/5f76a071be6df80f0910b0ae/Ahri_1.jpg'),(2,1,2,'魅火','阿璃短暫增加大量跑速，並釋放出三股狐火，鎖定並攻擊鄰近敵人。',4,'https://images.contentstack.io/v3/assets/blt370612131b6e0756/blt0ce5597cda0c9063/5f76a0719d46c20f091755db/Ahri_2.jpg'),(3,1,3,'傾城','阿璃送出飛吻，對擊中的敵人造成傷害同時魅惑目標，並立即中斷目標的位移技能，讓他們無法控制地走向阿璃。目標所受來自阿璃的傷害會暫時增加。',3,'https://images.contentstack.io/v3/assets/blt370612131b6e0756/blted283ff4812bf343/5f76a071e69fa40ef318176e/Ahri_3.jpg'),(4,1,4,'飛仙','阿璃向前衝刺並發射魔法彈，對鄰近敵人造成傷害。飛仙於技能進入冷卻前最多可以施放3次。',1,'https://images.contentstack.io/v3/assets/blt370612131b6e0756/bltfea95583f02bcfbe/5f76a071d4fbb50ef30754c5/Ahri_4.jpg'),(5,1,5,'銷魂','阿璃的技能若命中目標，便會獲得一層銷魂。疊加到足夠的層數後，下次施放的技能命中敵人時，她就會為自身回復生命。',NULL,'https://images.contentstack.io/v3/assets/blt370612131b6e0756/blt34d4365f058cfb33/5f76a0713dea860e7be3c48e/Ahri_0.jpg'),(6,2,1,'落擲苦無','阿卡莉擲出五支苦無，根據自身的額外物理攻擊和魔法攻擊造成傷害，並緩速於最遠技能範圍被擊中的敵人。',NULL,'https://images.contentstack.io/v3/assets/blt370612131b6e0756/bltc2fb7cda4903d72e/5f9b3be598312b1100f09aa1/akali_1.jpg'),(7,2,2,'暮光朦影','阿卡莉投擲煙霧彈，在短時間內增加跑速，同時回復能量。阿卡莉位於煙霧中時會進入潛隱狀態。普攻或使用技能會使她短暫現形。',NULL,'https://images.contentstack.io/v3/assets/blt370612131b6e0756/bltbc210ca6ab130ff4/5f9b3be7a88d1f3a1e58d705/akali_2.jpg'),(8,2,3,'離群手裡劍','阿卡莉向後跳躍並朝前方投擲手裡劍，造成魔法傷害。第一個被命中的敵人或煙霧會被標記。重施技能時，阿卡莉會衝向被標記的目標，造成額外傷害。',NULL,'https://images.contentstack.io/v3/assets/blt370612131b6e0756/blt98de2196dc5a65f8/5f9b3bea76673c0d52ecb763/akali_3.jpg'),(9,2,4,'無瑕追擊','阿卡莉朝一個方向躍擊，對擊中的敵人造成傷害。重施技能時，阿卡莉會朝一個方向衝刺，斬殺所有擊中的敵人。',NULL,'https://images.contentstack.io/v3/assets/blt370612131b6e0756/bltf7011ba275135dc1/5f9b3beb86dd137fe5a09a12/akali_4.jpg'),(10,2,5,'刺客印記','使用技能傷害敵方英雄時會在其周圍創造一個能量環印。穿過環印後，阿卡莉下一次的普攻距離及傷害都會增加。',NULL,'https://images.contentstack.io/v3/assets/blt370612131b6e0756/blta592e2b8028f5b6a/5f9b3be35297d32899253f37/akali_0.jpg'),(11,3,1,'大地粉碎','亞歷斯塔猛擊地面，對鄰近敵人造成傷害，並把他們擊飛到空中。',NULL,'https://images.contentstack.io/v3/assets/blt370612131b6e0756/blt98aa8a39b4731233/5f7f7055e48f650f03b4bc84/alistar_1.jpg'),(12,3,2,'野蠻衝撞','亞歷斯塔用頭衝撞目標，造成傷害並擊退目標，若目標是防禦塔則能夠造成額外傷害。',NULL,'https://images.contentstack.io/v3/assets/blt370612131b6e0756/bltdcba86cc9ff4ae57/5f7f7058ee00c80ec595af56/alistar_2.jpg'),(13,3,3,'蠻牛之力','亞歷斯塔踐踏鄰近敵方單位，忽略單位碰撞，如果傷害到敵方英雄，則可以獲得疊層。疊層累積滿後，亞歷斯塔下一次對敵方英雄的普攻會造成額外魔法傷害，並使其暈眩。',NULL,'https://images.contentstack.io/v3/assets/blt370612131b6e0756/blt40cebf004ffba83c/5f7f705a86abe10efc8eaa8a/alistar_3.jpg'),(14,3,4,'堅定意志','亞歷斯塔發出野蠻怒吼，移除自身受到的所有控場效果，並在效果持續期間降低受到的物理與魔法傷害。',NULL,'https://images.contentstack.io/v3/assets/blt370612131b6e0756/blt5d988921753b3393/5f7f705e1a0a7b0f226b86f2/alistar_4.jpg'),(15,3,5,'勝利怒吼','亞歷斯塔會在使敵方英雄暈眩或位移，以及鄰近敵人死亡時充能怒吼。充能完畢後，他會治療自己與所有鄰近的友軍英雄。',NULL,'https://images.contentstack.io/v3/assets/blt370612131b6e0756/blt128d78d5ec2d0f98/5f7f70521ca9100f24f816b4/alistar_0.jpg'),(16,4,1,'繃帶牽引','阿姆姆對一個目標丟出黏性繃帶，在擊暈、傷害目標的同時將自己拉往目標。',NULL,NULL),(17,4,2,'絕望','周圍敵人陷入絕望，每秒損失相當於其最大生命一定百分比的生命，並刷新他們身上的詛咒。',NULL,NULL),(18,4,3,'憤怒','永久降低阿姆姆受的物理傷害。阿姆姆可以釋放怒火，對鄰近敵人造成傷害。阿姆姆每被攻擊一次，該技能的冷卻時間就會減少0.5秒。',NULL,NULL),(19,4,4,'木乃伊之咒','阿姆姆用繃帶將附近敵方單位通通纏住，對目標造成傷害，使其無法攻擊或移動，並在他們身上附加詛咒。',NULL,NULL),(20,4,5,'詛咒之觸','阿姆姆的普攻會詛咒敵人，使其受到任何魔法傷害時將承受額外真實傷害。',NULL,NULL),(21,5,1,'瓦解怒焰','安妮對目標施放魔法火球，對小範圍內的敵人造成傷害。如果目標死於瓦解怒焰的話，施展此技能所消耗的魔力會返還給安妮，並使技能冷卻時間減半。',NULL,NULL),(22,5,2,'烈焰衝擊','安妮發射一股錐形火焰，對區域內所有敵人造成傷害。',NULL,NULL),(23,5,3,'熔炎護盾','安妮為泰貝爾或一名友方英雄提供一個可吸收傷害的護盾。攻擊該護盾的敵人將受到傷害。',NULL,NULL),(24,5,4,'召喚：泰貝爾','安妮將生命力注入泰貝爾的身軀裡。泰貝爾自烈焰中現形，對目標區域內全部的敵人造成傷害。泰貝爾攻擊時會持續傷害周圍的敵人。',NULL,NULL),(25,5,5,'嗜火','在施展4個技能後，安妮的下一個攻擊性技能會使目標暈眩。',NULL,NULL),(26,6,1,'專注射擊','艾希的攻擊會使目標緩速，使她對這些目標造成的傷害增加。艾希的暴擊無法造成額外傷害，但會強化對目標造成的緩速效果。',NULL,NULL),(27,6,2,'萬箭齊發','艾希向前方的錐形範圍射出 9 支箭，造成額外的傷害。該技能會觸發冰霜射擊的效果。',NULL,NULL),(28,6,3,'鷹擊長空','艾希釋放獵鷹之靈進行偵察，範圍可達全地圖。',NULL,NULL),(29,6,4,'魔法水晶箭','艾希射出一支可操控方向的魔法水晶箭，擊中敵方英雄時對該英雄造成傷害並暈眩目標。飛行距離越遠，暈眩時間越長，同時對該英雄周遭的敵人造成傷害並減速。',NULL,NULL),(30,6,5,'冰霜射擊','艾希的攻擊會使目標緩速，使她對這些目標造成的傷害增加。艾希的暴擊無法造成額外傷害，但會強化對目標造成的緩速效果。',NULL,NULL),(31,7,1,'星湧','翱銳龍獸創造出一個持續擴張的超新星核心，會在離他過遠時爆炸，擊暈並傷害敵人。',NULL,NULL),(32,7,2,'星體擴張','翱銳龍獸將環繞他的星體向外推，提升其傷害與速度。',NULL,NULL),(33,7,3,'掠日彗星','翱銳龍獸進行一段極遠距離的飛行。',NULL,NULL),(34,7,4,'光音','翱銳龍獸射出一道純粹的星火，傷害並緩速受到影響的所有敵人，同時將鄰近敵人擊退一段距離。',NULL,NULL),(35,7,5,'宇宙奇點','星體環繞翱銳龍獸，在擊中敵人時造成魔法傷害。',NULL,NULL),(36,8,1,'火箭抓取','布里茨發射右手，去抓一位在發射路徑上的對手，對對方造成傷害，並將對方抓到自己身旁。',NULL,NULL),(37,8,2,'過載運轉','布里茨將自己過度充能，大幅提升跑速及攻速。效果結束後他將會暫時遭到緩速。',NULL,NULL),(38,8,3,'充能一擊','布里茨為機械手臂充能，下次普攻造成暴擊傷害並擊飛目標。',NULL,NULL),(39,8,4,'靜電力場','被布里茨攻擊的敵人會被標記，並在1秒後受到電擊傷害。此外，布里茨可以啟動此技能來傷害周圍敵人，並造成短暫的沉默效果。',NULL,NULL),(40,8,5,'法力屏障','布里茨在生命值過低時會根據他的魔力獲得護盾。',NULL,NULL),(41,9,1,'凜冬衝擊','布郎姆從重盾中擊發出寒冰，緩速被擊中的敵人並造成魔法傷害。可以附加一層震盪冰封。',NULL,NULL),(42,9,2,'壁壘守護','布郎姆跳到目標友軍英雄或士兵身旁，落地後，在幾秒鐘內布郎姆與友軍物理防禦與魔法防禦將增加。',NULL,NULL),(43,9,3,'雄心重盾','布郎姆朝目標方向舉起盾牌數秒，攔截所有朝布郎姆襲來的遠程火力並使其集火在他身上。盾牌可完全阻擋第一個攻擊的傷害，並減少接下來攻擊的傷害。',NULL,NULL),(44,9,4,'冰河裂隙','布郎姆重擊地面，擊飛鄰近與前方直線上的敵人，並且在地面留下一條緩速的區域，使經過的敵方單位緩速。',NULL,NULL),(45,9,5,'震盪冰封','布郎姆的普攻將會附加震盪冰封效果。在目標被附上第一層疊加之後， 友軍的普攻也會疊加震盪冰封。疊加 4 層之後，目標將會被暈眩並受到魔法傷害。在接下來的幾秒內該名目標身上無法再被疊加此效果，但受到布郎姆攻擊將會承受額外魔法傷害。',NULL,NULL),(46,10,1,'精密解剖','卡蜜兒的下次普攻造成額外傷害並獲得額外跑速。此技能可於一段時間之後重啟，若兩次技能間的時間達一定長度，卡蜜兒第二次技能造成的額外傷害將大幅提升。',NULL,NULL),(47,10,2,'刀光掠影','卡蜜兒經過短暫延遲後向前方錐形範圍發射一道衝擊波，造成傷害。刀光掠影會大幅緩速位於技能範圍後半部的敵人，並造成額外傷害，且治療卡蜜兒。',NULL,NULL),(48,10,3,'鋼鐵鉤射','卡蜜兒用鉤子將自己拉往地形物，接著躍向指定位置，並在落地時擊飛敵方英雄。',NULL,NULL),(49,10,4,'海克斯晶體結界','卡蜜兒跳向目標敵方英雄將其禁錮在結界內，並同時將其他敵人擊退。',NULL,NULL),(50,10,5,'適性防禦','卡蜜兒普攻敵方英雄時獲得一個相當於自身 20% 最大生命的護盾，持續一段時間。護盾類型取決於敵方英雄主要的傷害形式（物理傷害或是魔法傷害）。',NULL,NULL),(51,11,1,'迴旋飛斧','達瑞文的下一次普攻可造成額外的物理傷害。這把斧頭會在擊中目標後高高反彈至空中，如果達瑞文接到它的話，就可以重獲迴旋飛斧。達瑞文可以同時持有兩把迴旋飛斧。',NULL,NULL),(52,11,2,'好戲上場','達瑞文增加跑速與攻速，跑速加成會隨時間快速遞減。如果接到迴旋飛斧，好戲上場的冷卻時間會刷新。',NULL,NULL),(53,11,3,'給我閃！','達瑞文擲出斧頭，造成物理傷害、將目標往側邊擊退，並附加緩速效果。',NULL,NULL),(54,11,4,'迴轉死神','達瑞文猛力擲出兩把巨大的斧頭，對每一個擊中的單位造成物理傷害。擊中敵方英雄後斧頭會迴轉，返回達瑞文的位置，也可主動重施技能提早收回斧頭。隨著擊中單位增加，傷害會遞減；但回程時會重置傷害遞減效果。',NULL,NULL),(55,11,5,'瑞文聯盟','達瑞文接住迴旋飛斧、擊殺士兵和野怪或破壞防禦塔時，將會累積粉絲的偶像崇拜；擊殺敵方英雄時，達瑞文會根據累積的偶像崇拜疊層而獲得額外金幣。',NULL,NULL),(56,12,1,'病毒屠刀','蒙多醫生投擲病毒屠刀，對目標造成相當於其當前生命一定百分比的傷害並在短時間內緩速目標。蒙多醫生以其他人的痛苦為樂，所以當他成功擊中目標時會回復一些消耗生命（造成擊殺時則是回復雙倍已消耗的生命）。',NULL,NULL),(57,12,2,'痛苦燃燒','蒙多醫生消耗自己的生命值，以降低減益效果的持續時間，並對鄰近敵人持續造成傷害。',NULL,NULL),(58,12,3,'潛能激發','蒙多醫生根據自身失去生命獲得額外物理攻擊，此外他下一次的普攻會用頭槌擊目標並造成額外傷害。蒙多醫生受到魔法傷害或消耗技能所需生命時會增加自身魔法防禦。',NULL,NULL),(59,12,4,'背水一戰','蒙多醫生消耗部分生命，短暫提升跑速並巨幅提升生命回復速度。',NULL,NULL),(60,12,5,'腎上腺素','蒙多醫生每秒回復1%的最大生命。',NULL,NULL),(61,13,1,'毀滅風暴','達瑞斯揮舞斧頭造成致命旋風。受到斧刃攻擊的敵人將會比被斧柄攻擊受到更多的傷害。此技能可對敵軍附加絞喉，並可治癒達瑞斯生命，擊中越多敵方英雄，治癒量越多。',NULL,NULL),(62,13,2,'殘廢打擊','達瑞斯強化下一次普攻，造成額外傷害與大幅緩速效果。',NULL,NULL),(63,13,3,'索魂奪命','被動：達瑞斯把斧頭磨利，造成的物理傷害可以無視目標一定比例的物理防禦。主動：達瑞斯用斧頭將敵人拉到他的身邊。',NULL,NULL),(64,13,4,'諾克薩斯斷頭台','達瑞斯跳躍至敵方英雄的身上，給予目標致命的一擊，造成真實傷害。目標身上每累加一層絞喉效果，可以再造成額外的傷害。如果目標遭到諾克薩斯斷頭台擊殺的話，冷卻時間會刷新，此時達瑞斯獲得諾克薩斯之力，並導致周圍的士兵與野怪落荒而逃。',NULL,NULL),(65,13,5,'絞喉','達瑞斯的普攻與傷害性技能會使敵人流血，造成持續性物理傷害；此效果可以疊加。疊層達到上限時，達瑞斯獲得數秒的諾克薩斯之力，期間增加物理攻擊，同時每次造成的絞喉疊層數由原本的一層改為最大疊層數。',NULL,NULL),(66,14,1,'憎恨尖刺','伊芙琳使用背刺攻擊兩次，對第一個命中的敵人造成傷害。接著伊芙琳可以重施技能，對鄰近敵人再次放出一直線的尖刺。',NULL,NULL),(67,14,2,'咒慾迷塵','伊芙琳詛咒一名目標，根據詛咒的時間長短，在短暫延遲之後，她的下次普攻或技能將使目標受到緩速或魅惑，同時降低其魔法防禦。',NULL,NULL),(68,14,3,'奪魂鞭索','伊芙琳使用背刺穿刺目標並造成傷害，接著在短時間內增加跑速。伊芙琳脫離魔魅之影狀態時，奪魂鞭索會把她拉向目標。',NULL,NULL),(69,14,4,'殘戮收割','伊芙琳短暫進入無法被指定的狀態，用背刺橫掃前方所有敵人並向後瞬移一段距離。',NULL,NULL),(70,14,5,'魔魅之影','脫離戰鬥後，伊芙琳會被魔魅之影籠罩。若伊芙琳的生命值過低，魔魅之影將會回復其生命。等級5之後，魔魅之影還會賦予伊芙琳偽裝能力。',NULL,NULL),(71,15,1,'黃金之杖','被動：施放技能後，悟空的下一次普攻會增加攻擊範圍。主動：使悟空的下一次普攻造成額外傷害並治療自己。',NULL,NULL),(72,15,2,'分身術','悟空進入潛隱狀態並衝往一個方向，留下一個分身來攻擊鄰近的敵人；分身的攻擊傷害較低，能模仿本尊使出黃金之杖和無極風暴。',NULL,NULL),(73,15,3,'筋斗突擊','悟空衝向目標敵人並幻化出分身攻擊目標附近的敵人，對每個命中的敵人造成傷害，並使悟空的攻速暫時提升。',NULL,NULL),(74,15,4,'無極風暴','悟空伸長金箍棒並快速旋轉，期間增加跑速。命中時會對敵人造成傷害，並且擊飛敵人。無極風暴可以在短時間內施放兩次。',NULL,NULL),(75,15,5,'定海神兵','悟空與分身的普攻與技能將對目標附加定海神兵，每層可使悟空與分身對目標造成的傷害增加。',NULL,NULL),(76,16,1,'秘術射擊','伊澤瑞爾發射一枚能量彈，成功命中一名敵方單位時所有技能都將縮短些許冷卻時間。',NULL,NULL),(77,16,2,'精華躍動','伊澤瑞爾發射一顆能量球，其會附著在首位擊中的敵方英雄或地圖物件。若伊澤瑞爾攻擊被能量球附著的單位，能量球將引爆並對該目標造成傷害。',NULL,NULL),(78,16,3,'奧術躍遷','伊澤瑞爾傳送至鄰近區域並向最近的敵方單位發射魔法箭。會優先鎖定身上有精華躍動印記的單位。',NULL,NULL),(79,16,4,'精準彈幕','伊澤瑞爾詠唱後發射強大的能量波，對路徑上的敵方單位造成大量傷害 (對小兵和非史詩級野怪造成的傷害減少)。',NULL,NULL),(80,16,5,'咒能高漲','伊澤瑞爾的技能每次命中目標時都會使自身攻速提升，最多可疊加4次。',NULL,NULL),(81,17,1,'移形之體','菲歐拉往一個方向衝刺並戳刺一名鄰近敵人，造成物理傷害並附加命中效果。',NULL,NULL),(82,17,2,'斗轉之力','菲歐拉在短時間內格檔所有敵方傷害或控制技能，並接著向一個方向戳刺，對擊中的第一個英雄造成緩速，如果菲歐拉擋下任何控制技能則改為將目標擊暈。',NULL,NULL),(83,17,3,'迅雷之技','菲歐拉接下來兩次的普攻攻速獲得提升。第一下攻擊會使目標緩速，第二下則必定暴擊。',NULL,NULL),(84,17,4,'頂尖對決','菲歐拉揭露一位目標敵方英雄的全部四個破綻，並在靠近目標時獲得跑速提升。如果菲歐拉擊中全部4個破綻，或是目標在被擊中至少一個破綻後陣亡，則菲歐拉與區域內的友軍會在接下來的幾秒內得到治療。',NULL,NULL),(85,17,5,'不屈鬥魂','菲歐拉向鄰近敵方英雄發起挑戰。她決定一個方向進行攻擊。如果完成挑戰，她會得到小量的獎勵，並決定下一個方向。',NULL,NULL),(86,18,1,'現撈海膽','飛斯猛衝穿過目標，造成魔法傷害，並造成命中效果。',NULL,NULL),(87,18,2,'裂岸大浪','強化飛斯的下一次普攻造成額外傷害，擊殺單位能重置裂岸大浪冷卻時間。重複對相同目標普攻能造成更多傷害。',NULL,NULL),(88,18,3,'愛玩小飛/調皮小飛','飛斯跳到空中，利用他的三叉戟優雅的落地並進入無法被指定的狀態。飛斯處在這個狀態的時候，可以選擇直擊地面或是在落地前再次跳躍。',NULL,NULL),(89,18,4,'海之霸主','飛斯朝一個方向丟出一條魚，這條魚會附著在碰到牠的任何英雄身上，並造成緩速。在一小段延遲之後，地面會冒出一隻鯊魚將目標擊飛、將所有鄰近敵人擊退，並對所有命中的敵人造成魔法傷害與緩速。',NULL,NULL),(90,18,5,'海神三叉戟','飛斯的普攻會隨著時間造成額外傷害。',NULL,NULL),(91,19,1,'致命打擊','蓋倫的跑速獲得大量提升，並解除身上的所有緩速效果。他的下一次普攻會重傷敵人，造成額外傷害並將其沉默。',NULL,NULL),(92,19,2,'勇氣','蓋倫在短時間內獲得減傷狀態及對控制效果的額外抗性。',NULL,NULL),(93,19,3,'審判','蓋倫迅速旋轉大劍，對身邊鄰近敵人造成物理傷害。被重刃風暴邊緣擊中的敵人將遭到暴擊。',NULL,NULL),(94,19,4,'蒂瑪西亞制裁','蓋倫召喚蒂瑪西亞之力，試圖處決一名敵方英雄，對目標及其鄰近範圍內的敵人造成傷害。',NULL,NULL),(95,19,5,'堅毅','如果蓋倫近期內未受到傷害或是被敵人的技能影響的話，每秒將會回復一定比例的總生命。',NULL,NULL),(96,20,1,'滾動酒桶','古拉格斯將酒桶滾到目標地點，可以主動引爆或在到達目標地點3秒後自行爆炸。被炸到的敵人跑速會降低。',NULL,NULL),(97,20,2,'醉酒狂暴','古拉格斯狂飲酒桶裡的佳釀，在 1 秒的引導時間完成後會獲得強化能力，對下次普攻目標和鄰近敵人造成魔法傷害，並減少所受的傷害。',NULL,NULL),(98,20,3,'肉彈衝擊','古拉格斯朝指定位置衝刺，撞上第一個敵方單位時停止，擊暈所有鄰近敵方單位並造成傷害。',NULL,NULL),(99,20,4,'爆破酒桶','古拉格斯將他的酒桶丟向指定位置，擊退爆炸範圍內的所有敵人並造成傷害。',NULL,NULL),(100,20,5,'歡樂時光','古拉格斯每隔一段時間就能使用技能來治療自身。',NULL,NULL),(101,21,1,'人在江湖','葛雷夫發射一枚會在1.5秒後爆炸的彈藥，如果命中地形則在0.25秒後爆炸。',NULL,NULL),(102,21,2,'隻手遮天','葛雷夫朝目標區發射一個煙霧彈，形成一片降低視野範圍的煙霧。受到煙霧彈落地沖擊的敵人會受到魔法傷害，並且短暫降低跑速。',NULL,NULL),(103,21,3,'猛龍過江','葛雷夫往前衝刺，並在數秒內獲得物理防禦加成。如果葛雷夫衝向敵方英雄，則改為獲得兩層梟雄本色。以普攻擊中敵人可以降低此技能的冷卻時間，並刷新防禦加成。',NULL,NULL),(104,21,4,'龍爭虎鬥','發射爆裂彈，對第一個命中的敵人造成物理傷害，葛雷夫則會因後座力而後退。當爆裂彈打到敵人或飛行距離到達極限時，爆裂彈會散射出破片，對錐形範圍內的敵人傷害。',NULL,NULL),(105,21,5,'命運','葛雷夫的散彈槍具備一些特性。當他用完彈藥時就必須重新裝填。攻擊時會發射四顆子彈，子彈無法穿透單位。會擊退被多顆子彈擊中的非英雄單位。',NULL,NULL),(106,22,1,'颶風呼嘯','珍娜能透過改變氣壓和溫度，創造出大小會隨蓄力時間增加的小型風暴。召喚風暴時珍娜可以再次使用此技能立刻施放風暴，傷害並擊飛路徑上所有敵方單位。',NULL,NULL),(107,22,2,'和風守護','珍娜呼喚和風守護者，被動提高自己的跑速。她也可以主動施放這個技能，對敵人造成傷害和降低跑速。當技能在冷卻時，不會提供任何被動加成的效果。',NULL,NULL),(108,22,3,'風暴之眼','珍娜賦予友方英雄或防禦塔風之護盾，為其吸收傷害並增加物理攻擊。',NULL,NULL),(109,22,4,'復甦季風','珍娜呼喚魔法風暴環繞自己，並將敵人擊退。風暴平息後，在技能保持啟動的情況下，和風會持續治療鄰近友軍。',NULL,NULL),(110,22,5,'順風而行','珍娜獲得額外跑速加成，且鄰近友方英雄朝她移動時將獲得相同跑速加成。',NULL,NULL),(111,23,1,'滅龍一擊','嘉文四世伸長長槍造成物理傷害，並降低路徑上敵人的物理防禦。如果長槍碰到戰旗，則會將嘉文四世拉向戰旗，並擊飛路徑上的敵人。',NULL,NULL),(112,23,2,'光盾庇護','嘉文四世呼喚蒂瑪西亞諸王之魂，使自己獲得護盾，並緩速周遭敵人。',NULL,NULL),(113,23,3,'帝國戰旗','嘉文四世背負著象徵蒂瑪西亞的驕傲，被動的效果讓他獲得額外攻速，主動的效果讓他可以把戰旗豎立於地，對命中的目標造成魔法傷害，同時提高周圍友方英雄的攻速。再次使用技能便會自動施放「滅龍一擊」將自己拉向戰旗。',NULL,NULL),(114,23,4,'浩劫降臨','嘉文四世英勇跳向一個目標，其強大力量使附近地形改變成了競技場。所有被衝擊的鄰近敵人都會受到傷害。',NULL,NULL),(115,23,5,'戰爭律動','嘉文四世對敵人發動的第一次普攻會造成額外物理傷害，傷害量依目標當前生命值而定。此效果在數秒內，無法對相同敵人再次使用。',NULL,NULL),(116,24,1,'跳斬','賈克斯跳向目標，如果是敵人的話，用手中的武器對目標造成傷害。',NULL,NULL),(117,24,2,'蓄力一擊','賈克斯以能量充填自己的武器，使自己下一次的攻擊造成額外傷害。',NULL,NULL),(118,24,3,'反擊風暴','賈克斯的戰鬥能力讓他得以在短時間內迴避所有攻擊，然後迅速反擊，擊暈周圍的所有敵人。',NULL,NULL),(119,24,4,'武器專精','賈克斯每3次連續普攻，就會造成額外的魔法傷害。除此之外，賈克斯可以發動此技能來釋放身體潛能，短時間內增加他的物理與魔法防禦。',NULL,NULL),(120,24,5,'無情突擊','賈克斯的連續基本攻擊可以提昇他的攻速。',NULL,NULL),(121,25,1,'磷光炸彈','庫奇發射一枚閃光彈到目標區域，對區域內敵人造成魔法傷害，並在一段持續時間內獲得該區視野。',NULL,NULL),(122,25,2,'女武神特攻','庫奇飛行一小段距離並丟下炸彈，留下一條燃燒的路徑，在路徑上的敵人會受到傷害。 炸彈快遞：如果庫奇身上帶著炸彈包裹，飛行距離會加長並能將敵人往側邊擊退，且燃燒路徑除傷害外還可造成緩速。',NULL,NULL),(123,25,3,'格林機槍','庫奇使用格林機槍掃射他面前錐形範圍內的敵人，造成傷害並降低敵人的物理和魔法防禦。',NULL,NULL),(124,25,4,'火箭轟擊','庫奇朝著目標地點發射飛彈，擊中後會爆炸並對範圍內的敵人造成傷害。每隔一段時間會裝入一枚導彈，直到達到存彈量最大值。每發射2枚導彈後，下一發會是超級導彈，可造成額外傷害。',NULL,NULL),(125,25,5,'海克斯軍火','庫奇的普攻傷害有一定比例會轉化為魔法傷害。炸彈包裹每隔一段時間會出現在基地，庫奇撿起後可增加跑速並可施放一次強化版的女武神特攻「炸彈快遞」。',NULL,NULL),(126,26,1,'雷電手裡劍','射出手裡劍，對第一個命中的敵人造成魔法傷害。',NULL,NULL),(127,26,2,'電能釋放','被動：每數次普攻可造成額外傷害，並附加一層風暴印記。主動：電擊所有帶有風暴印記的敵人造成傷害，並再附加一層風暴印記。',NULL,NULL),(128,26,3,'閃電衝擊','凱能化身為球形閃電，期間無法普攻，但會增加跑速；脫離此狀態後則會暫時增加攻速。',NULL,NULL),(129,26,4,'雷霆風暴','凱能召喚出一團雷暴，對周圍的敵方英雄造成魔法傷害。',NULL,NULL),(130,26,5,'風暴印記','凱能使用技能命中同一個敵人3次時，會使目標暈眩。',NULL,NULL),(131,27,1,'狂舞手雷','燼對敵人射出一發魔法衝能過的鋼瓶。最多能夠擊中四個敵人，每在彈跳中擊殺目標，下次彈跳造成傷害便會增加。',NULL,NULL),(132,27,2,'致命伏筆','燼發射出超遠距離的一發子彈。這發子彈能夠穿透士兵和野怪，但會在擊中第一名英雄時停止。如果目標近期曾被燼的友軍、蓮華之罠或燼傷害的話將暫時被定身。',NULL,NULL),(133,27,3,'魔幻時刻','燼放置一個隱形的蓮華之罠，敵軍走過時會被觸發，緩速鄰近敵人，隨後爆炸放射出鋸齒花瓣造成傷害。當燼擊殺敵方英雄時，蓮華之罠會在他們被擊殺的位置旁綻放。',NULL,NULL),(134,27,4,'華麗謝幕','燼開始詠唱，將低語變成肩射式超級大砲。它能發射四發射程超遠且能穿透士兵和野怪的子彈。子彈會在擊中第一名英雄時停止。低語能夠致殘擊中的敵人，使他們緩速並造成斬殺傷害。第四發子彈做工精良並經過完美的強化，必定造成暴擊。',NULL,NULL),(135,27,5,'低語','燼有一把名為「低語」的精密武器，能造成可觀的傷害。它的射速是固定的，且一次只能裝填四發子彈。燼將黑魔法附在最後一發子彈上，以造成暴擊與額外斬殺傷害。低語的每次暴擊都能為燼激發靈感，讓他的跑速在短時間內大幅提升。',NULL,NULL),(136,28,1,'鬼靈精怪！','吉茵珂絲會調整普攻使用武器，她的砰砰鏈砲和惡鯊會互相切換，使用砰砰攻擊會增加攻速，使用惡鯊攻擊則會造成區域傷害、消耗魔力並獲得額外攻擊範圍。',NULL,NULL),(137,28,2,'咻咻！','吉茵珂絲使用她的衝擊槍，發射一道衝擊波，對第一個命中的敵人造成傷害、使其緩速並揭露其位置。',NULL,NULL),(138,28,3,'咬咬手榴彈！','吉茵珂絲丟出一排咬咬手榴彈陷阱，在 5 秒後引爆，將手榴彈所在區域點火，著火的敵人每秒會承受魔法傷害，這些咬咬手榴彈在敵人經過的時候將會狠咬敵人一口，並且將其定身在原地。',NULL,NULL),(139,28,4,'超威能死亡火箭！','吉茵珂絲發射一發橫越地圖的超級火箭，飛行距離越遠傷害越高。火箭將會在衝撞到敵方英雄時爆炸，對該名英雄與其附近的敵人根據他們所剩生命來造成傷害。',NULL,NULL),(140,28,5,'狂躁！','每當吉茵珂絲參與擊殺敵方英雄、史詩級野怪或是摧毀敵方建築物時，她的跑速與攻速就會大幅提升。',NULL,NULL),(141,29,1,'伊卡西亞魔雨','凱莎發射出一大批會追擊鄰近目標的導彈。生物兵器：升級後的伊卡西亞魔雨可射出更多導彈。',NULL,NULL),(142,29,2,'虛空探索者','凱莎發射出遠程飛彈，揭露敵人並利用被動將其標記。生物兵器：升級後的虛空探索者可疊加更多層電漿印記，且擊中敵方英雄後會減少冷卻時間。凱莎發射出遠程飛彈，揭露敵人並利用被動將其標記。生物兵器：升級後的虛空探索者可疊加更多層電漿印記，且擊中敵方英雄後會減少冷卻時間。',NULL,NULL),(143,29,3,'極速充能','凱莎暫時提高跑速，接著提升攻速。生物兵器：升級後的極速充能會使凱莎短暫進入潛隱狀態。',NULL,NULL),(144,29,4,'殺手本能','凱莎衝刺到一名被電漿印記標記的敵方英雄附近，並在短時間內獲得護盾。',NULL,NULL),(145,29,5,'二階蟲甲','凱莎的普攻會疊加電漿印記，造成逐漸增加的額外魔法傷害。友軍的控場技能也會疊加電漿印記。此外，凱莎能透過她購買的道具來進化基礎技能，以獲得更強力的效果。',NULL,NULL),(146,30,1,'虎嘯龍吟 ／ 震驚百里','虎嘯龍吟：李星發射一陣紊亂音波以找出敵人，對第一個擊中的敵人造成物理傷害。如果虎嘯龍吟擊中敵人，李星可以在接下來 3 秒內使出震驚百里。震驚百里：李星衝向被音波擊中的敵人，根據目標已損失的生命造成物理傷害。',NULL,NULL),(147,30,2,'鐵璧金身 ／ 易筋洗髓','李星衝向指定位置，落地時若附近有敵方英雄或野怪，可賦予自身護盾。使用鐵壁金身後，李星可以在接下來數秒內接著使出易筋洗髓。易筋洗髓：下次普攻造成額外魔法傷害，並附帶吸血效果。',NULL,NULL),(148,30,3,'狂風暴雨 ／ 分筋錯骨','狂風暴雨：李星重擊地面，放出衝擊波，對擊中的敵人造成魔法傷害，並揭露其位置。如果狂風暴雨擊中敵人，李星可以在接下來3秒內施展分筋錯骨。分筋錯骨：李星對受到狂風暴雨攻擊的鄰近敵人施展分筋錯骨，降低其跑速4秒。跑速會在效果持續期間逐漸回復。',NULL,NULL),(149,30,4,'神龍擺尾','李星使出強力迴旋踢，將目標擊退並對目標及目標碰撞到的敵人造成物理傷害。所有被撞擊到的敵軍會在短時間內被擊飛。',NULL,NULL),(150,30,5,'無雙亂舞','李星使用技能後，再來的兩次普攻攻速將獲得額外提升並回復能量。',NULL,NULL),(151,31,1,'閃耀雙重奏','皮克斯與露璐各自發射出一發魔法彈，對所有命中的敵人造成傷害與大幅緩速。',NULL,NULL),(152,31,2,'幻想曲','對友軍施放時，可為目標暫時增加攻速與跑速；對敵軍施放時，會把目標變成可愛的動物，使其無法普攻與使用技能。',NULL,NULL),(153,31,3,'帥啊小皮！','對友軍施放時，皮克斯會飛到友軍身上並賦予護盾，且會跟隨他們並協助攻擊；對敵軍施放時，皮克斯會飛到敵軍身上造成傷害，並跟隨目標，獲得敵人的視野。',NULL,NULL),(154,31,4,'究極鍊化','露璐使一位友軍（或自己）巨大化，將周圍的敵人擊飛至空中，同時使該名友軍增加大量生命。接下來數秒內，該友軍周圍的靈氣可以緩速鄰近敵軍。',NULL,NULL),(155,31,5,'皮克斯，守護妖精','皮克斯可附身到英雄身上，用魔法彈進行火力支援；這些魔法彈擁有自動導向功能，但會被其他單位所阻擋。',NULL,NULL),(156,32,1,'光明束縛','拉克絲釋放出一個光球，束縛並傷害最多兩個敵方單位。',NULL,NULL),(157,32,2,'稜光障壁','拉克絲丟出她的魔杖，並扭曲魔杖所接觸的任何友方目標周圍光線，保護這些友軍不受敵方攻擊。',NULL,NULL),(158,32,3,'光明異點','朝一個區域發射一個不規則的扭曲之光，使鄰近敵人緩速。拉克絲可以直接引爆它，在範圍內對敵人造成傷害。',NULL,NULL),(159,32,4,'終極閃光','在積蓄能量之後，拉克絲發射一道光束，對區域內所有敵方目標造成傷害。此外，此技能將觸發拉克絲的被動技能並刷新光芒四射減益效果的持續時間。',NULL,NULL),(160,32,5,'光芒四射','拉克絲的傷害技能會標記目標5秒。拉克絲的下次普攻會引燃敵人，對目標造成額外魔法傷害（傷害量取決於拉克絲的等級）。',NULL,NULL),(161,33,1,'地震碎片','墨菲特利用原始的元素魔法，將一塊岩石碎片從地下射向敵人，對其造成傷害並偷取其跑速3秒。',NULL,NULL),(162,33,2,'震雷之擊','墨菲特能被動獲得物防。墨菲特使出震雷之擊時，會產生音爆的力量來進行普攻。在接下來的幾秒內，他的普攻會在前方擊出震波。',NULL,NULL),(163,33,3,'大地震顫','墨菲特重擊地面，放出衝擊波，對敵人造成魔法傷害（此傷害高低取決於墨菲特的物防），並在短時間內降低敵人攻速。',NULL,NULL),(164,33,4,'勢不可擋','墨菲特猛力衝向一個指定地點，造成傷害並把敵軍擊飛至空中。',NULL,NULL),(165,33,5,'花崗岩護盾','墨菲特被岩石護盾保護，最多吸收最大生命 10% 的傷害，若 8 秒內未受到攻擊，護盾將重置。',NULL,NULL),(166,34,1,'先聲奪人','易大師快速穿越戰場對敵人造成傷害，對路徑上多個目標造成物理傷害，同時變得無法被標記。先聲奪人可以造成暴擊和並對野怪造成額外物理傷害。普攻可以減少先聲奪人的冷卻時間。',NULL,NULL),(167,34,2,'冥想','易大師進入冥想狀態，持續回復生命，同時短暫獲得減傷效果。',NULL,NULL),(168,34,3,'無極劍道','使普通攻擊得到額外真實傷害。',NULL,NULL),(169,34,4,'高原血統','易大師以靈巧的步伐進行移動，短暫提高跑速和攻速，同時免疫全部的緩速效果。主動使用技能時，擊殺英雄或助攻可以延長高原血統的作用時間。處於被動時，擊殺或助攻可以減少易大師其他技能的冷卻時間。',NULL,NULL),(170,34,5,'雙重打擊','大師每幾次連續普攻，就會同時對目標進行2次打擊。',NULL,NULL),(171,35,1,'彈射','好運姐發射子彈，對第一個命中的目標造成傷害，並對其後方的另一個目標造成暴擊。技能附帶命中效果。',NULL,NULL),(172,35,2,'趾高氣揚','好運姐在未受攻擊時會被動增加跑速。主動使用此技能，可在短時間內增加攻速。進入冷卻時，愛的拍拍能夠減少此技能冷卻時間。',NULL,NULL),(173,35,3,'槍林彈雨','好運姐發射一陣彈雨，對敵人造成幾波傷害，並使其緩速。',NULL,NULL),(174,35,4,'彈幕','好運姐向她前方的錐形區域掃射強力彈幕，對敵人造成大量傷害，每波彈幕都可以暴擊。',NULL,NULL),(175,35,5,'愛的拍拍','好運姐在以普攻命中新目標時，將造成額外物理傷害。',NULL,NULL),(176,36,1,'禁錮水牢','丟出一個泡泡到指定地點，命中時對範圍內的所有敵人造成傷害與暈眩。',NULL,NULL),(177,36,2,'跳躍水柱','釋放一股水流，在友方和敵方英雄間來回彈跳，治療友方英雄並傷害敵方英雄。',NULL,NULL),(178,36,3,'深海恩賜','短時間強化一位友方英雄，該名友軍的普攻與技能會造成額外魔法傷害並緩速目標。',NULL,NULL),(179,36,4,'驚滔駭浪','召喚一道滔天巨浪向前推進，把敵人擊飛並造成緩速與傷害。被擊中的友軍其身上疾速波濤的效果會加倍。',NULL,NULL),(180,36,5,'疾速波濤','友方英雄被娜米技能擊中時，會在短時間內增加跑速。',NULL,NULL),(181,37,1,'虹吸打擊','納瑟斯打擊敵人造成傷害，若擊殺單位則虹吸打擊的傷害會永久提高。',NULL,NULL),(182,37,2,'枯萎','納瑟斯使一位敵方英雄老化，隨時間降低其跑速與攻速。',NULL,NULL),(183,37,3,'靈魂烈焰','納瑟斯對一個地點釋放出靈魂烈焰，對站在火焰上的敵人造成傷害，並降低其物防。',NULL,NULL),(184,37,4,'死神降臨','納瑟斯釋放出強大的沙塵暴，攻擊鄰近敵人。在風暴期間，他會提升生命值、攻擊距離、傷害鄰近敵人、降低虹吸打擊的冷卻時間，並在持續時間內獲得額外物防及魔防。',NULL,NULL),(185,37,5,'食魂者','獲得額外普攻吸血。',NULL,NULL),(186,38,1,'逆流投擲','歐拉夫向目標區域投擲戰斧，對所有穿過的單位造成傷害並造成緩速。如果歐拉夫撿起斧頭，該技能冷卻時間減少4.5秒。',NULL,NULL),(187,38,2,'殘暴打擊','歐拉夫增加攻速、獲得普攻吸血效果，並根據已損失的生命增加所受到的治療量（不限來源）。',NULL,NULL),(188,38,3,'魯莽揮擊','歐拉夫以破釜沉舟之勢衝向敵人，對目標造成真實傷害；若未擊殺目標，則歐拉夫自己得承受真實傷害。',NULL,NULL),(189,38,4,'諸神黃昏','歐拉夫暫時對限制行動的效果免疫。',NULL,NULL),(190,38,5,'狂戰之怒','歐拉夫每損失1%生命，就會增加1%攻速。',NULL,NULL),(191,39,1,'指令：貫穿','奧莉安娜朝著目標地點發射球體，對路徑上的所有目標造成魔法傷害（傷害隨著目標數遞減）。使用招數後球體會停留在目標地點。',NULL,NULL),(192,39,2,'指令：失衡','奧莉安娜指揮她的球體釋放能量脈衝，對周遭敵人造成魔法傷害，並且留下一道能量場讓友軍加速、敵軍減速。',NULL,NULL),(193,39,3,'指令：守護','奧莉安娜指揮球體附著於友軍英雄身上，展開防護罩並且對於飛行路徑上的敵人造成魔法傷害。此外，被球體附著的英雄獲得額外的物理防禦和魔法防禦強化。',NULL,NULL),(194,39,4,'終極指令：脈衝','奧莉安娜指揮球體在短暫延遲後釋放衝擊波，造成魔法傷害並且迫使鄰近敵人向球體聚集。',NULL,NULL),(195,39,5,'魔法發條','奧莉安娜的普攻造成額外的魔法傷害。對同一目標普攻越多次，額外傷害就越高。',NULL,NULL),(196,40,1,'癒光飛翎','射出魔法羽毛，造成魔法傷害。命中敵方英雄或史詩級野怪後，銳空將治癒友軍生命。',NULL,NULL),(197,40,2,'盛大登場','衝向指定地點，抵達時把鄰近敵人擊飛。',NULL,NULL),(198,40,3,'戰鬥舞踊','舞躍至友方英雄身邊，賦予其護盾。短時間內可再次重施技能，無須消耗魔力。 目標為剎雅時，護盾效果加倍，且冷卻時間減半。',NULL,NULL),(199,40,4,'迷心迅步','銳空增加跑速，被他觸身的敵人將被迷惑，並受到魔法傷害。',NULL,NULL),(200,40,5,'奇異羽篷','銳空可以定期獲得護盾。 鴛鴦展翅：銳空可以加入剎雅的回城召喚。',NULL,NULL),(201,41,1,'樂音高亢','瑟菈紛對一個區域內的敵人造成傷害，傷害量會隨敵人已損失的生命而增加。',NULL,NULL),(202,41,2,'繞樑歌聲繞樑歌聲','瑟菈紛賦予所有鄰近友方英雄護盾，並使他們增加跑速。若瑟菈紛身上已經有護盾，則替所有鄰近友方英雄回復生命，回復量會隨友方英雄數量而增加。',NULL,NULL),(203,41,3,'迷人節奏','瑟菈紛對敵人造成傷害並使其緩速，已被緩速的敵人則改為被定身，被定身的敵人則改為被擊暈。',NULL,NULL),(204,41,4,'要不要來首安可曲','瑟菈紛對前方直線上的敵人造成傷害，並施加魅惑與緩速效果。若此技能接觸到友方或敵方英雄，則技能距離會延長。',NULL,NULL),(205,41,5,'耀眼星光','瑟菈紛每第三次基礎技能將施放兩次；瑟菈紛施放技能會對鄰近友軍附上音符，每個音符會使瑟菈紛下次普攻的攻擊距離增加，並造成額外傷害。',NULL,NULL),(206,42,1,'雙龍聚首','希瓦娜的下次普攻會攻擊兩次；普攻能減少雙龍聚首的冷卻時間。聖龍型態：雙龍聚首將劈擊所有在希瓦娜面前的單位。擊殺裂地飛龍會使聖龍型態下的雙龍聚首附加緩速效果。',NULL,NULL),(207,42,2,'聖龍怒火','希瓦娜使用火焰環繞自身，每秒對鄰近敵人造成魔法傷害，並在3秒內增加自身跑速。跑速加成隨著時間而減少。普攻能延長聖龍怒火的持續時間。聖龍型態：擴大地面燃燒範圍。擊殺疾風飛龍會使聖龍型態下的希瓦娜跑速增加25%。',NULL,NULL),(208,42,3,'龍之吐息','希瓦娜放出火球，對所有擊中之敵人造成傷害並且留下龍之吐息標記，持續5秒。希瓦娜普攻被標記的目標時，會對其造成帶命中效果的固定最大生命百分比的傷害。聖龍型態：龍之吐息擊中敵人或是命中目標區域時會爆炸，造成額外傷害並使地面短暫燃燒。擊殺赤燄飛龍，會使聖龍型態下的希瓦娜對標記目標造成的傷害轉為真實傷害。',NULL,NULL),(209,42,4,'真龍轉生','希瓦娜化為聖龍，並飛躍至指定地點。路徑上的敵人會受到傷害，並朝指定地點被擊退。希瓦娜每秒會被動獲得怒氣，普攻時則獲得2點怒氣。',NULL,NULL),(210,42,5,'龍裔之怒','希瓦娜能對飛龍造成額外傷害，且擊殺元素飛龍將永久強化希瓦娜聖龍型態的技能。',NULL,NULL),(211,43,1,'劇毒蹤跡','辛吉德在身後留下一道毒氣，對處於路徑上的敵人造成傷害。',NULL,NULL),(212,43,2,'強力粘膠','對地上丟出一瓶強力粘膠，使踩到的敵人緩速且無法使用位移技能。',NULL,NULL),(213,43,3,'過肩摔','傷害目標敵方單位，並將他們投擲到辛吉德身後。如果目標被投擲到強力粘膠上，則該目標被定身。',NULL,NULL),(214,43,4,'瘋狂藥劑','辛吉德喝下精心炮製的化學藥劑，大幅提高戰鬥屬性。',NULL,NULL),(215,43,5,'毒氣推進','辛吉德利用鄰近英雄身邊的氣流加速，經過他們時會獲得大量跑速。',NULL,NULL),(216,44,1,'英勇讚美詩','索娜演奏英勇讚美詩，發出強大的音波對最近的兩名敵人造成魔法傷害，以英雄與野怪為優先攻擊順序。索娜暫時獲得靈氣，使身邊的友軍下次攻擊獲得額外傷害。',NULL,NULL),(217,44,2,'堅毅詠嘆調','索娜彈奏起堅毅詠嘆調，奏出守護的旋律，治癒索娜以及周圍受傷的友軍。索娜將暫時獲得靈氣，讓靈氣周圍的友軍短暫獲得護盾。',NULL,NULL),(218,44,3,'迅捷奏鳴曲','索娜演奏迅捷奏鳴曲，使鄰近友軍增加跑速。索娜同時獲暫時靈氣，使範圍內的友軍增加跑速。',NULL,NULL),(219,44,4,'狂舞終樂章','索娜彈奏出終極琴技，暈眩敵方英雄並迫使他們起舞，受到魔法傷害。每升級一次就會減少所有基礎技能的冷卻時間。',NULL,NULL),(220,44,5,'力量和弦','在發動3個技能後，索娜的下一次普攻會造成額外魔法傷害，並依索娜最後發動的技能造成額外效果。',NULL,NULL),(221,45,1,'殞星召喚','殞落星辰從天而降，造成魔法傷害並使敵人緩速。如果殞星召喚擊中敵方英雄，索拉卡將回復生命值。',NULL,NULL),(222,45,2,'星之祝福','索拉卡犧牲部分生命值來治療另一位友方英雄。',NULL,NULL),(223,45,3,'寂靜星河','創造一個結界，沉默所有範圍內的敵人。結界消失時，仍在範圍內的所有敵人會被定身。',NULL,NULL),(224,45,4,'祈願','索拉卡讓友軍充滿希望，立刻回復自身與所有友方英雄的生命值。',NULL,NULL),(225,45,5,'群星指路','索拉卡加速跑向生命值低落的鄰近友軍。',NULL,NULL),(226,46,1,'急速射擊','崔絲塔娜急速射擊，短時間內提升攻速。',NULL,NULL),(227,46,2,'火箭跳躍','崔絲塔娜朝地面開火，靠反作用力跳躍至目標地點，落地時造成傷害並短暫緩速附近敵人。取得擊殺或助攻，以及疊滿的爆炸射擊在敵方英雄身上爆炸時，將重置火箭跳躍的冷卻時間。',NULL,NULL),(228,46,3,'爆炸射擊','被動：擊殺單位時，崔絲塔娜的炮彈會爆出破片，對周圍的敵人造成傷害。主動：崔絲塔娜放置一個炸彈在敵方英雄或防禦塔身上，炸彈不久後會爆炸，對該單位及附近敵人造成傷害。',NULL,NULL),(229,46,4,'毀滅射擊','崔絲塔娜裝填一顆巨型加農炮彈，並發射出去攻擊敵方單位，造成魔法傷害並擊退目標。',NULL,NULL),(230,46,5,'校準射擊','崔絲塔娜的普攻、爆炸射擊、毀滅射擊的射程會隨等級增加。',NULL,NULL),(231,47,1,'致盲吹箭','提摩射出一支劇毒吹箭，對目標造成致盲效果，使其普攻在短時間內無法造成傷害。',NULL,NULL),(232,47,2,'刺','被動：增加跑速，遭到敵方英雄或防禦塔攻擊後解除。主動：提摩向前翻滾一小段距離並衝刺數秒，被動跑速加成於此期間加倍，且不會因為受到傷害而解除。',NULL,NULL),(233,47,3,'約德爾游擊隊','提摩會在一段時間後進入偽裝狀態，只有靠近敵方英雄或防禦塔時才會現形。脫離偽裝狀態後，提摩的攻速會提高。',NULL,NULL),(234,47,4,'毒性陷阱','提摩丟出儲存在背包中的蘑菇，做成會爆炸的劇毒陷阱，敵軍踩到時會爆裂成一灘毒泥坑，緩速敵軍並造成持續性傷害。如果蘑菇被丟到另一個蘑菇上，則會向前彈跳後才落地。',NULL,NULL),(235,47,5,'劇毒射擊','提摩的普攻會額外造成持續性魔法傷害。',NULL,NULL),(236,48,1,'嗜血殺戮','泰達米爾對於戰鬥感到興奮，受到傷害越多，物理攻擊越高。他能夠施放嗜血殺戮來消耗怒氣並治療自己。',NULL,NULL),(237,48,2,'嘲諷','泰達米爾發出戰嚎，降低周遭敵人的物理攻擊。背對泰達米爾的目標跑速也會下降。',NULL,NULL),(238,48,3,'旋風斬','泰達米爾切向目標單位，對路徑上的敵人造成傷害。',NULL,NULL),(239,48,4,'無盡怒火','泰達米爾是如此渴望戰鬥，以至於承受再多的傷害也不會死亡。',NULL,NULL),(240,48,5,'戰鬥狂怒','泰達米爾每次攻擊、暴擊、或擊殺單位都可獲得怒氣。怒氣可以增加暴擊率並且使用於嗜血殺戮技能上。',NULL,NULL),(241,49,1,'萬能牌','逆命丟出三張牌，對所有被卡牌穿透的敵人造成傷害。',NULL,NULL),(242,49,2,'選牌','逆命挑選魔法卡牌，用於下次普攻，並附加額外效果。紅色卡牌能對目標及其鄰近範圍內的敵人造成傷害並緩速；藍色卡牌能造成傷害並回復自身魔力；金色卡牌能造成傷害並擊暈目標。',NULL,NULL),(243,49,3,'卡牌騙術','逆命每4次普攻就會造成額外傷害。主動使用此技能能增加攻速，同時對敵方英雄普攻時會擲出灌鉛骰子。',NULL,NULL),(244,49,4,'命運','逆命預測敵人的命運，揭露所有敵方英雄，並可使用傳送門將逆命在1.5秒內傳送至任何目標位置。',NULL,NULL),(245,49,5,'灌鉛骰子','每擊殺一個單位，逆命會擲出灌鉛骰子並獲得額外金錢獎勵。',NULL,NULL),(246,50,1,'破甲箭','法洛士累積力量射出一發強力箭矢，蓄力的時間越長，射程與傷害就越高。',NULL,NULL),(247,50,2,'荒蕪箭袋','被動：法洛士的普攻會造成額外魔法傷害，同時附加衰竭效果。法洛士的其他技能可觸發衰竭效果，根據目標的最大生命造成魔法傷害。主動：強化法洛士的下一發破甲箭。',NULL,NULL),(248,50,3,'腐敗箭雨','法洛士發射一陣箭雨，造成物理傷害並汙染目標區域。受污染的區域會降低敵人的跑速、自我治療量和生命回復量。',NULL,NULL),(249,50,4,'墮落連鎖','法洛士發射扭曲的墮落能量，將第一個命中的敵方英雄定身，然後擴散至鄰近未受影響的英雄，在接觸時也將他們定身。',NULL,NULL),(250,50,5,'復仇怒火','當擊殺敵人或助攻時，法洛士會暫時性地提升攻速。若目標是英雄，則提升的幅度會更大。',NULL,NULL),(251,51,1,'翻滾瞄準','汎向前翻滾，並為下一次普攻做好準備。她下次的普攻將造成額外傷害。',NULL,NULL),(252,51,2,'神聖銀箭','汎在箭尖塗上了對所有邪惡事物有害的稀有金屬。對相同目標使用普攻或技能三次以後，會造成目標最大生命百分比的真實傷害。主動使用此技能能增加攻速，並使自身回復神聖銀箭造成的部分傷害。',NULL,NULL),(253,51,3,'重型弩箭','汎拿出背後的重弩對目標發射巨大的弩箭，將敵人擊退的同時也造成傷害。如果目標與地形發生碰撞，便會遭到刺穿，在受到額外傷害的同時也會遭到擊暈。',NULL,NULL),(254,51,4,'死亡通緝','整裝準備發動追殺，使物理攻擊增加，使用翻滾瞄準時附加潛隱效果，並且獲得額外被動跑速加成效果。敵方英雄遭到汎攻擊，且在數秒內陣亡時，死亡通緝的效果將延長。',NULL,NULL),(255,51,5,'夜之狩獵','汎無情地獵殺邪惡事物，往鄰近敵方英雄移動時，增加30跑速。',NULL,NULL),(256,52,1,'蓄能衝擊','菲艾替拳套充能，然後使出全力一擊並向前衝刺，被她擊中的敵人會遭到擊退，並被附加一層三重極限。',NULL,NULL),(257,52,2,'爆破武裝','菲艾普攻或技能命中敵人時會獲得一層爆破武裝，啟動爆破武裝會生成一個可吸收傷害的護盾。在達到最大疊層時啟動，則菲艾還能增加跑速。',NULL,NULL),(258,52,3,'粉碎震波','菲艾下一次普攻會穿透目標，對目標及後方的敵人造成傷害。',NULL,NULL),(259,52,4,'火瀑連擊','菲艾衝向一名指定的敵人，並撞開路線上的所有人。接觸目標時，將其擊飛至空中，菲艾接著騰空揮出重擊，將目標再次重摔回地面。',NULL,NULL),(260,52,5,'三重極限','對同一目標的每3次普攻將造成額外物理傷害，傷害值相當於百分比的目標最大生命，並減少其物理防禦，同時提高菲艾的攻速。',NULL,NULL),(261,53,1,'赤落連匕','剎雅擲出兩把具傷害性的匕首，並留下可召回的羽刃。',NULL,NULL),(262,53,2,'奪命疾翼','剎雅召喚羽刃風暴，期間獲得基礎攻速與傷害加成，擊中敵方英雄可增加跑速。 若友方銳空在附近，他也會獲得相同增益效果。',NULL,NULL),(263,53,3,'漫天血刃','剎雅一次召回所有羽刃，對造成敵人傷害，3根或更多羽刃命中時，能使敵軍定身。',NULL,NULL),(264,53,4,'驟羽暴風','剎雅飛躍至空中，進入無法被指定的狀態，朝扇形區域密集射出匕首，留下一排可召回的羽刃。',NULL,NULL),(265,53,5,'一翦兩斷','剎雅施放技能後，接下來的次普攻具有穿透性，傷害路徑上的所有目標，並留下羽刃。 鴛鴦展翅：剎雅可以加入銳空的回城召喚。',NULL,NULL),(266,54,1,'三重爪擊','趙信的接下來三次的普攻傷害提升，且第三次普攻會將對手擊飛。',NULL,NULL),(267,54,2,'風雷迅馳','趙信向前揮舞他的長戟，接著朝前方突刺，使受到影響的敵人緩速。',NULL,NULL),(268,54,3,'一騎當先','趙信朝一名敵人衝鋒，對區域內所有敵人造成傷害，並使他們暫時受到緩速。',NULL,NULL),(269,54,4,'新月無雙','趙信對鄰近敵人造成傷害，傷害值取決於敵人當前生命，同時將挑戰目標以外的敵人擊退。趙信可以抵擋所有來自圈外英雄的傷害。',NULL,NULL),(270,54,5,'鬥戰決心','每三下普攻造成額外物理傷害，並治療趙信自身生命。',NULL,NULL),(271,55,1,'鋼鐵暴雪','向前突刺，傷害前方直線上的所有敵人。命中敵人後，獲得一層天寒地凍疊加效果，持續數秒。達2層時，鋼鐵暴雪會擊出一道旋風，使命中的敵人滯空。鋼鐵暴雪被視為普攻，效果機制全部跟普攻一樣。',NULL,NULL),(272,55,2,'風牆鐵壁','製造一道移動牆面阻擋所有敵方火力，持續4秒。',NULL,NULL),(273,55,3,'刃敵千軍','衝向敵方目標並造成魔法傷害。每次施放都會增加下次衝刺的基礎傷害，直到達到傷害值上限。數秒內無法重複施放在同一個目標上。如果在衝刺期間施放鋼鐵暴雪，其將以圓圈的形式揮砍，攻擊犽宿身邊的敵人。',NULL,NULL),(274,55,4,'奪命氣息','瞬間移動至滯空的敵方英雄身邊，延長所有目標的滯空>時間。風湧回滿但重置鋼鐵暴雪的疊層。之後一段時間內，犽宿的暴擊獲得顯著的額外物理穿透效果。',NULL,NULL),(275,55,5,'浪人之道','犽宿的暴擊率加倍。除此之外，犽宿在移動時會累積護盾，被敵人或野怪擊中將觸發護盾。',NULL,NULL),(276,56,1,'風魔手裡劍','劫和影分身共同擲出手裡劍。每個手裡劍對每個命中的敵人都會造成傷害。',NULL,NULL),(277,56,2,'疾風殘影','被動：劫跟他的影分身使用相同技能擊中同個敵人時將會回復能量。每次使用技能都只能回復一次能量。主動：劫的影分身往前衝刺，並在所到位置待命數秒，重施疾風殘影能將劫的位置與影分身互換。',NULL,NULL),(278,56,3,'影斬','劫和他的影分身同時揮斬，對鄰近敵人造成傷害。',NULL,NULL),(279,56,4,'死亡印記','劫進入無法被指定的狀態，並衝向一名敵方英雄，同時標記他。3秒後，印記會引爆並再度造成傷害，傷害量等同目標被標記期間所受到來自劫的所有傷害。',NULL,NULL),(280,56,5,'強者特權','劫對低生命值的目標進行普攻時將造成額外魔法傷害，此效果在數秒內只能對相同目標作用一次。',NULL,NULL),(281,57,1,'彈跳炸彈','希格斯擲出一個彈跳炸彈，造成魔法傷害。',NULL,NULL),(282,57,2,'技術性引爆','希格斯甩出於4秒後引爆的炸彈，再次使用此技能可直接引爆炸彈。炸彈對敵方造成魔法傷害，同時將他們擊退。希格斯也會被擊退，但不會受到任何傷害。希格斯可以使用技術性引爆來摧毀脆弱的敵方防禦塔。',NULL,NULL),(283,57,3,'海克斯詭雷','希格斯散射出感應式地雷，敵方接觸後會受到魔法傷害及緩速效果。相同目標連續引爆地雷時之後受到的傷害較少。',NULL,NULL),(284,57,4,'煉獄炸彈','希格斯預備他極致的完美創作「煉獄炸彈」，朝著極遠的目標區域投出，全部位於核心攻擊範圍的敵人會受到大量的傷害。',NULL,NULL),(285,57,5,'即刻爆發','每隔一短時間，希格斯的下次普攻會造成額外魔法傷害。每次希格斯使用技能後，此被動冷卻時間會減少。',NULL,NULL),(286,58,1,'彈射利刃','卡特蓮娜對目標投擲一把匕首，匕首會彈到鄰近敵人身上，直至彈落到地面。',NULL,NULL),(287,58,2,'備戰','卡特蓮娜向自己正上方投擲匕首，短時間內大幅增加跑速。',NULL,NULL),(288,58,3,'瞬步','卡特蓮娜瞬移到單位或匕首附近，並對最近的敵人造成傷害。撿起匕首會降低瞬步的冷卻時間。',NULL,NULL),(289,58,4,'死亡蓮花','卡特蓮娜化為刀刃旋風，造成持續性傷害，並施加重創效果。卡特蓮娜能在短時間內慢慢位移。',NULL,NULL),(290,58,5,'貪婪','當剛受到卡特蓮娜傷害的敵方英雄陣亡時，她的技能冷卻時間會大幅降低。卡特蓮娜撿起匕首時，可以利用匕首來攻擊所有鄰近敵人，造成魔法傷害。',NULL,NULL);
/*!40000 ALTER TABLE `skills` ENABLE KEYS */;
UNLOCK TABLES;

--
-- Table structure for table `spells`
--

DROP TABLE IF EXISTS `spells`;
/*!40101 SET @saved_cs_client     = @@character_set_client */;
/*!50503 SET character_set_client = utf8mb4 */;
CREATE TABLE `spells` (
  `sp_id` int NOT NULL,
  `sp_name` varchar(45) NOT NULL COMMENT '召換師技能名稱',
  `sp_coldtime` varchar(45) DEFAULT NULL,
  `sp_desc` varchar(1024) DEFAULT NULL COMMENT '召換師技能名描述',
  `sp_img` varchar(256) DEFAULT NULL COMMENT '召換師技能照片連結',
  PRIMARY KEY (`sp_id`)
) ENGINE=InnoDB DEFAULT CHARSET=utf8 COMMENT='召喚師技能';
/*!40101 SET character_set_client = @saved_cs_client */;

--
-- Dumping data for table `spells`
--

LOCK TABLES `spells` WRITE;
/*!40000 ALTER TABLE `spells` DISABLE KEYS */;
INSERT INTO `spells` VALUES (1,'鬼步','冷卻時間：<b>90秒</b>','立即大幅增加<b>跑速</b>，接著遞減為<b>額外25%跑速</b>，持續8秒。獲得擊殺或助攻後，鬼步持續時間將延長<b>6秒</b>，並重置其效果，恢復為起始跑速加成。','https://support-wildrift.riotgames.com/hc/article_attachments/360096458793/ghost.png'),(2,'治癒','冷卻時間：<b>120秒</b>','<font color=\"green\">自己及附近失去最多的有方生命營雄回復80生命</font><b>(80-360)</b>並獲得<b>30%額外跑速</b>，持續1秒。<br>近期受到治癒的英雄效果減半。','https://support-wildrift.riotgames.com/hc/article_attachments/360096458853/heal.png'),(3,'光盾','冷卻時間：<b>90秒</b>','獲得一個可<font color=\"green\">吸收115傷害<b>(115-465)</b>的護盾，持續2秒。','https://support-wildrift.riotgames.com/hc/article_attachments/360094192214/barrier.png'),(4,'虛弱','冷卻時間：<b>105秒</b>','使目標敵方英雄變得虛弱，降低其<b>20%跑速</b>及<b>40%傷害輸出</b>，持續2.5秒。','https://support-wildrift.riotgames.com/hc/article_attachments/360094192234/exhaust.png'),(5,'閃現','冷卻時間：<b>150秒</b>','朝前方或目標方向短距離瞬間移動。','https://support-wildrift.riotgames.com/hc/article_attachments/360096458753/flash.png'),(6,'點燃','冷卻時間：<b>90秒</b>','點燃目標敵方英雄，將在5秒內造成<font color=\"#bbeeff\">60真實傷害</font><b>(60-410)</b>，並在持續時間內附加<font color=\"pink\">重創</font>效果。<br>重創效果會使所有治癒效果減半。','https://support-wildrift.riotgames.com/hc/article_attachments/360096458873/ignite.png'),(7,'重擊','冷卻時間：<b>10秒</b>','對史詩擊也怪、大型也怪或敵方士兵造成<font color=\"#bbeeff\">440真實傷害</font><b>(440~1000(隨等級提升))。如果目標嗜也怪，則會<font color=\"green\">回復70生命</font><b>(70+10%生命值(隨等級提升))</b>。擊殺4隻大型也怪可以將重擊升級為<font color=\"blue>凜冽重擊</font><font color=\"red\">精密重擊</font>，此兩者皆可對敵方英雄使用。<br><br><b>狩獵專精</b>:從野怪身上獲得的經驗值永久增加20%，但是擊殺士兵的金錢與經驗值短暫減少20%。<br><br><b>爪牙</b>：對也怪造成傷害增加10%。對野怪金受到<font color=\"green\">回復30生命</font>。<br>每過45秒便可獲得一層充能，最多2層。','https://support-wildrift.riotgames.com/hc/article_attachments/360096458813/smite.png');
/*!40000 ALTER TABLE `spells` ENABLE KEYS */;
UNLOCK TABLES;

--
-- Table structure for table `types`
--

DROP TABLE IF EXISTS `types`;
/*!40101 SET @saved_cs_client     = @@character_set_client */;
/*!50503 SET character_set_client = utf8mb4 */;
CREATE TABLE `types` (
  `tid` int NOT NULL,
  `tname` varchar(45) NOT NULL COMMENT '定位名稱',
  `t_desc` varchar(256) DEFAULT NULL COMMENT '定位描述',
  `t_img` varchar(256) DEFAULT NULL COMMENT '定位照片連結',
  PRIMARY KEY (`tid`)
) ENGINE=InnoDB DEFAULT CHARSET=utf8 COMMENT='英雄_角色定位';
/*!40101 SET character_set_client = @saved_cs_client */;

--
-- Dumping data for table `types`
--

LOCK TABLES `types` WRITE;
/*!40000 ALTER TABLE `types` DISABLE KEYS */;
INSERT INTO `types` VALUES (1,'刺客','刺客是脆弱、敏捷、以傷害為主的近戰英雄，能夠快速擊殺目標。','https://images.contentstack.io/v3/assets/blt370612131b6e0756/blt2f90136eb674d47d/5f76a387e69fa40ef3181786/assassin_icon.png'),(2,'鬥士','鬥士是耐久型，輸出傷害的近戰英雄，他們總是會出現在戰鬥最激烈的時刻。','https://images.contentstack.io/v3/assets/blt370612131b6e0756/bltc8570435d983e11b/5f76a387dac9270efe35f270/fighter_icon.png'),(3,'法師','法師是進攻型的施法者，通過強力有效的法術削弱對手。','https://images.contentstack.io/v3/assets/blt370612131b6e0756/blt8531c8659da7041c/5f76a387879de80eb41af9ec/mage_icon.png'),(4,'射手','射手擅長於遠程輸出(通常都是使用普攻)，造成可靠的持續傷害，同時在危險邊緣遊走。儘管射手能風箏流對手，保持相對安全。但他們依然非常脆弱，並且極度依賴裝備。只有借助裝備，他們才能真正輸出具有威脅性的傷害。','https://images.contentstack.io/v3/assets/blt370612131b6e0756/bltaa5aa3d09aeb2a2b/5f76a3873dea860e7be3c498/marksman_icon.png'),(5,'輔助','輔助是防守型的施法者，他們會縱觀戰場形勢，保護隊友並為其提供機會。','https://images.contentstack.io/v3/assets/blt370612131b6e0756/blte464cd0572a8840b/5f76a3874b7a2b0e86b0286c/support_icon.png'),(6,'坦克','坦克擅長降低所受到的傷害，並且能打亂敵人陣型，但自身並不能造成太多傷害威脅。','https://images.contentstack.io/v3/assets/blt370612131b6e0756/bltf6d31b5f63b85641/5f76a387bd99c90e9ce902ce/tank_icon.png');
/*!40000 ALTER TABLE `types` ENABLE KEYS */;
UNLOCK TABLES;
/*!40103 SET TIME_ZONE=@OLD_TIME_ZONE */;

/*!40101 SET SQL_MODE=@OLD_SQL_MODE */;
/*!40014 SET FOREIGN_KEY_CHECKS=@OLD_FOREIGN_KEY_CHECKS */;
/*!40014 SET UNIQUE_CHECKS=@OLD_UNIQUE_CHECKS */;
/*!40101 SET CHARACTER_SET_CLIENT=@OLD_CHARACTER_SET_CLIENT */;
/*!40101 SET CHARACTER_SET_RESULTS=@OLD_CHARACTER_SET_RESULTS */;
/*!40101 SET COLLATION_CONNECTION=@OLD_COLLATION_CONNECTION */;
/*!40111 SET SQL_NOTES=@OLD_SQL_NOTES */;

-- Dump completed on 2021-05-09 13:53:52
